ASSAM,,,,,,,,,,,,,,,
Group No.,CA U S E  O F   D E A T H,Sex,<1,1-4,5-14,15-24,25-34    35-44,,,45-54,55-64,65-69,70+,N.S.    TOTAL,
1,2,3,4,5,6,7,8            9,,,10,11,12,13,14          15,
1,CERTAIN INFECTIOUS AND PARASITIC,M,110,142,160,120,541,,413,723,484,398,258,0,3349
1,DISEASES (A00-B99),F,101,83,63,138,0,,0,299,130,260,47,0,1121
1,,T,211,225,223,258,541,,413,1022,614,658,305,0,4470
2,NEOPLASMS,M,0,0,0,0,397,,77,506,398,185,187,0,1750
2,(C00-D48),F,0,0,0,7,0,,0,176,77,63,7,0,330
2,,T,0,0,0,7,397,,77,682,475,248,194,0,2080
3,DISEASES OF BLOOD & BLOOD FORMING,M,8,8,3,5,31,,30,63,82,31,68,0,329
3,ORGANS & CERTAIN DISORDERS INVOLVING,F,4,5,2,1,0,,0,0,13,0,0,0,25
3,THE IMMUNE MECHANISM (D50-D89),T,12,13,5,6,31,,30,63,95,31,68,0,354
4,"ENDOCRINE, NUTRITIONAL AND METABOLIC",M,6,4,10,11,420,,713,872,981,1277,382,0,4676
4,DISEASES (E00-E89),F,6,5,1,4,0,,0,177,1115,871,0,0,2179
4,,T,12,9,11,15,420,,713,1049,2096,2148,382,0,6855
5,MENTAL AND BEHAVIOURAL DISORDERS,M,0,0,0,0,22,,17,49,15,27,0,0,130
5,(F01-F99),F,0,0,0,0,0,,0,35,5,31,0,0,71
5,,T,0,0,0,0,22,,17,84,20,58,0,0,201
6,DISEASES OF THE NERVOUS SYSTEM,M,18,67,43,14,82,,99,51,63,89,81,0,607
6,(G00-G98),F,10,57,30,5,0,,0,15,5,50,0,0,172
6,,T,28,124,73,19,82,,99,66,68,139,81,0,779
7,DISEASES OF THE EYE AND ADNEXA,M,0,0,0,0,0,,0,0,0,0,0,0,0
7,(H00-H59),F,0,0,0,0,0,,0,0,0,0,0,0,0
7,,T,0,0,0,0,0,,0,0,0,0,0,0,0
8,DISEASES OF THE EAR AND MASTOID,M,0,0,0,0,0,,0,0,0,0,0,0,0
8,PROCESS (H60-H95),F,0,0,0,0,0,,0,0,0,0,0,0,0
8,,T,0,0,0,0,0,,0,0,0,0,0,0,0
9,DISEASES OF THE CIRCULATORY,M,18,74,17,10,210,,943,3290,1781,1947,1867,24,10181
9,SYSTEM (I00-I99),F,7,49,29,6,0,,0,193,314,4689,0,11,5298
9,,T,25,123,46,16,210,,943,3483,2095,6636,1867,35,15479
10,DISEASES OF THE RESPIRATORY,M,137,55,5,19,398,,208,395,0,600,72,0,1889
10,SYSTEM (J00-J98),F,86,26,5,16,0,,0,0,53,0,0,0,186
10,,T,223,81,10,35,398,,208,395,53,600,72,0,2075
11,DISEASES OF THE DIGESTIVE SYSTEM,M,0,26,0,7,172,,211,931,0,0,0,0,1347
11,(K00-K92),F,0,26,0,5,0,,0,422,46,0,0,0,499
11,,T,0,52,0,12,172,,211,1353,46,0,0,0,1846
12,DISEASES OF THE SKIN AND,M,0,0,0,0,0,,0,0,0,0,0,0,0
12,SUBCUTANEOUS TISSUE (L00-L98),F,0,0,0,0,0,,0,0,0,0,0,0,0
12,,T,0,0,0,0,0,,0,0,0,0,0,0,0
13,DISEASES OF THE MUSCULOSKELETAL,M,0,0,0,0,0,,0,0,0,0,0,0,0
13,SYSTEM AND CONNECTIVE TISSUE,F,0,0,0,0,0,,0,0,0,0,0,0,0
13,(M00-M99),T,0,0,0,0,0,,0,0,0,0,0,0,0
14,DISEASES OF THE GENITOURINARY,M,0,2,0,0,58,,24,38,0,0,0,0,122
14,SYSTEM (N00-N99),F,0,0,0,0,11,,0,2,2,19,0,0,34
14,,T,0,2,0,0,69,,24,40,2,19,0,0,156
15,"PREGNANCY, CHILDBIRTH AND THE",F,0,0,0,0,4,,32,130,0,0,0,21,187
15,PUERPERIUM (O00-O99),T,0,0,0,0,4,,32,130,0,0,0,21,187
16,CERTAIN CONDITIONS ORIGINATING,M,109,0,0,0,0,,0,0,0,0,0,0,109
16,IN THE PERINATAL PERIOD (P00-P96),F,149,0,0,0,0,,0,0,0,0,0,0,149
16,,T,258,0,0,0,0,,0,0,0,0,0,0,258
17,"CONGENITAL MALFORMATIONS,",M,0,0,0,0,0,,0,0,0,0,0,0,0
17,DEFORMATIONS AND CHROMOSOMAL,F,0,0,0,0,0,,0,0,0,0,0,0,0
17,ABNORMALITIES (Q00-Q99),T,0,0,0,0,0,,0,0,0,0,0,0,0
18,"SYMPTOMS, SIGNS AND ABNORMAL",M,11,15,0,5,0,,0,0,0,0,0,0,31
18,CLINICAL  AND LABORATORY FINDINGS,F,9,10,0,2,0,,0,0,0,0,0,0,21
18,N.E.C. (R00-R99),T,20,25,0,7,0,,0,0,0,0,0,0,52
19,"INJURY, POISONING AND CERTAIN OTHER",M,33,70,0,68,170,,82,162,58,181,39,0,863
19,CONSEQUENCES OF EXTERNAL,F,22,47,0,39,0,,0,0,42,0,0,0,150
19,CAUSES (S00-T98),T,55,117,0,107,170,,82,162,100,181,39,0,1013
20,Codes for Special Purposes,M,0,0,0,0,0,,0,0,139,235,246,0,620
20,(U00-U49),F,0,0,0,0,0,,0,0,58,149,153,0,360
20,,T,0,0,0,0,0,,0,0,197,384,399,0,980
total gender wise,,M,450,463,238,259,2501,,2817,7080,4001,4970,3200,24,26003
,,F,394,308,130,223,15,,32,1449,1860,6132,207,32,10782
total,,T,844,771,368,482,2516,,2849,8529,5861,11102,3407,56,36785
BIHAR,,,,,,,,,,,,,,,
Group No.,CA U S E  O F   D E A T H,Sex,,1-4,5-14,15-24,25-34    35-44,,,45-54,55-64,65-69,70+,N.S.    TOTAL,
1,2,3,,5,6,7,8            9,,,10,11,12,13,14          15,
1,CERTAIN INFECTIOUS AND PARASITIC,M,,15,22,28,52,,85,84,117,68,152,0,656
1,DISEASES (A00-B99),F,,17,17,29,46,,48,52,65,34,91,0,413
1,,T,,32,39,57,98,,133,136,182,102,243,0,1069
2,NEOPLASMS,M,,0,0,1,0,,4,5,9,8,8,0,36
2,(C00-D48),F,,0,0,1,2,,9,7,10,6,5,0,40
2,,T,,0,0,2,2,,13,12,19,14,13,0,76
3,DISEASES OF BLOOD & BLOOD FORMING,M,,1,1,2,2,,6,7,8,2,4,0,33
3,ORGANS & CERTAIN DISORDERS INVOLVING,F,,1,1,5,7,,6,6,3,2,2,0,33
3,THE IMMUNE MECHANISM (D50-D89),T,,2,2,7,9,,12,13,11,4,6,0,66
4,"ENDOCRINE, NUTRITIONAL AND METABOLIC",M,,0,1,2,1,,11,10,12,8,11,0,57
4,DISEASES (E00-E89),F,,0,1,2,1,,1,2,4,1,3,0,15
4,,T,,0,2,4,2,,12,12,16,9,14,0,72
5,MENTAL AND BEHAVIOURAL DISORDERS,M,,2,1,2,2,,3,1,6,3,3,0,34
5,(F01-F99),F,,1,2,0,3,,2,2,3,2,2,0,21
5,,T,,3,3,2,5,,5,3,9,5,5,0,55
6,DISEASES OF THE NERVOUS SYSTEM,M,,6,7,10,15,,18,22,23,9,11,0,130
6,(G00-G98),F,,3,6,4,13,,8,9,3,3,4,0,55
6,,T,,9,13,14,28,,26,31,26,12,15,0,185
7,DISEASES OF THE EYE AND ADNEXA,M,,0,0,0,1,,9,2,6,3,7,0,28
7,(H00-H59),F,,0,0,0,1,,4,1,3,3,5,0,17
7,,T,,0,0,0,2,,13,3,9,6,12,0,45
8,DISEASES OF THE EAR AND MASTOID,M,,0,0,0,0,,0,2,0,0,0,0,4
8,PROCESS (H60-H95),F,,0,0,1,0,,0,0,0,0,0,0,3
8,,T,,0,0,1,0,,0,2,0,0,0,0,7
9,DISEASES OF THE CIRCULATORY,M,,43,54,212,332,,443,652,727,352,629,0,3495
9,SYSTEM (I00-I99),F,,34,49,164,219,,276,312,388,187,314,0,1970
9,,T,,77,103,376,551,,719,964,1115,539,943,0,5465
10,DISEASES OF THE RESPIRATORY,M,,4,1,11,8,,28,29,32,18,61,0,202
10,SYSTEM (J00-J98),F,,1,2,6,11,,17,20,24,12,48,0,143
10,,T,,5,3,17,19,,45,49,56,30,109,0,345
11,DISEASES OF THE DIGESTIVE SYSTEM,M,,0,2,5,2,,11,9,13,1,4,0,49
11,(K00-K92),F,,0,1,3,3,,4,6,6,3,3,0,32
11,,T,,0,3,8,5,,15,15,19,4,7,0,81
12,DISEASES OF THE SKIN AND,M,,1,2,3,3,,6,7,2,3,5,0,39
12,SUBCUTANEOUS TISSUE (L00-L98),F,,0,3,2,2,,2,4,2,2,3,0,23
12,,T,,1,5,5,5,,8,11,4,5,8,0,62
13,DISEASES OF THE MUSCULOSKELETAL,M,,0,0,1,0,,1,1,1,1,4,0,11
13,SYSTEM AND CONNECTIVE TISSUE,F,,1,2,0,1,,1,1,0,0,1,0,7
13,(M00-M99),T,,1,2,1,1,,2,2,1,1,5,0,18
14,DISEASES OF THE GENITOURINARY,M,,37,71,149,267,,372,382,300,145,312,0,2462
14,SYSTEM (N00-N99),F,,46,64,135,172,,247,227,222,88,155,0,1568
14,,T,,83,135,284,439,,619,609,522,233,467,0,4030
15,"PREGNANCY, CHILDBIRTH AND THE",F,,0,0,16,5,,4,9,0,0,0,0,34
15,PUERPERIUM (O00-O99),T,,0,0,16,5,,4,9,0,0,0,0,34
16,CERTAIN CONDITIONS ORIGINATING,M,,0,0,0,0,,0,0,0,0,0,0,112
16,IN THE PERINATAL PERIOD (P00-P96),F,,0,0,0,0,,0,0,0,0,0,0,60
16,,T,,0,0,0,0,,0,0,0,0,0,0,172
17,"CONGENITAL MALFORMATIONS,",M,,0,0,1,0,,2,1,3,0,2,0,9
17,DEFORMATIONS AND CHROMOSOMAL,F,,0,0,0,0,,2,2,1,0,0,0,6
17,ABNORMALITIES (Q00-Q99),T,,0,0,1,0,,4,3,4,0,2,0,15
18,"SYMPTOMS, SIGNS AND ABNORMAL",M,,38,33,46,70,,122,129,147,76,160,0,861
18,CLINICAL  AND LABORATORY FINDINGS,F,,30,42,59,50,,68,64,110,54,104,0,605
18,N.E.C. (R00-R99),T,,68,75,105,120,,190,193,257,130,264,0,1466
19,"INJURY, POISONING AND CERTAIN OTHER",M,,3,4,12,14,,10,14,5,2,5,0,79
19,CONSEQUENCES OF EXTERNAL,F,,4,7,35,47,,22,20,19,6,19,0,184
19,CAUSES (S00-T98),T,,7,11,47,61,,32,34,24,8,24,0,263
20,Codes for Special Purposes,M,,2,1,6,26,,71,170,232,116,218,0,842
20,(U00-U49),F,,0,0,6,7,,16,55,70,26,43,0,223
20,,T,,2,1,12,33,,87,225,302,142,261,0,1065
,,M,,152,200,491,795,,1202,1527,1643,815,1596,0,9139
,A L L  C A U S E S,F,,138,197,468,590,,737,799,933,429,802,0,5452
,,T,,290,397,959,1385,,1939,2326,2576,1244,2398,0,14591
CHANDIGARH,,,,,,,,,,,,,,,
"Group
No.",CA U S E  O F   D E A T H,Sex,,1-4,5-14,15-24,25-34    35-44,,,45-54,55-64,65-69,70+,N.S.    TOTAL,
1,2,3,,5,6,7,8            9,,,10,11,12,13,14          15,
1,CERTAIN INFECTIOUS AND PARASITIC,M,,22,35,32,67,,54,77,78,38,64,0,490
1,DISEASES (A00-B99),F,,18,34,45,40,,43,50,48,29,52,0,374
1,,T,,40,69,77,107,,97,127,126,67,116,0,864
2,NEOPLASMS,M,,6,16,17,21,,32,43,67,29,49,0,281
2,(C00-D48),F,,7,10,10,22,,31,61,58,25,29,0,255
2,,T,,13,26,27,43,,63,104,125,54,78,0,536
3,DISEASES OF BLOOD & BLOOD FORMING,M,,12,5,13,10,,11,14,12,3,4,0,87
3,ORGANS & CERTAIN DISORDERS INVOLVING,F,,3,31,9,14,,10,9,11,3,2,0,94
3,THE IMMUNE MECHANISM (D50-D89),T,,15,36,22,24,,21,23,23,6,6,0,181
4,"ENDOCRINE, NUTRITIONAL AND METABOLIC",M,,6,2,6,15,,22,30,46,22,39,0,191
4,DISEASES (E00-E89),F,,9,6,10,11,,16,31,36,21,24,0,167
4,,T,,15,8,16,26,,38,61,82,43,63,0,358
5,MENTAL AND BEHAVIOURAL DISORDERS,M,,0,0,0,8,,1,8,9,3,4,0,33
5,(F01-F99),F,,0,0,0,0,,0,0,0,0,2,0,2
5,,T,,0,0,0,8,,1,8,9,3,6,0,35
6,DISEASES OF THE NERVOUS SYSTEM,M,,17,15,22,17,,26,36,21,10,19,0,188
6,(G00-G98),F,,12,6,9,8,,18,16,15,10,13,3,114
6,,T,,29,21,31,25,,44,52,36,20,32,3,302
7,DISEASES OF THE EYE AND ADNEXA,M,,0,0,0,0,,1,2,1,0,0,0,4
7,(H00-H59),F,,0,0,0,0,,0,1,0,0,0,0,2
7,,T,,0,0,0,0,,1,3,1,0,0,0,6
8,DISEASES OF THE EAR AND MASTOID,M,,0,0,0,0,,0,0,0,0,1,0,1
8,PROCESS (H60-H95),F,,0,0,0,0,,0,0,1,0,0,0,1
8,,T,,0,0,0,0,,0,0,1,0,1,0,2
9,DISEASES OF THE CIRCULATORY,M,,11,36,83,168,,240,409,451,216,410,2,2069
9,SYSTEM (I00-I99),F,,10,13,48,118,,80,162,214,138,254,0,1057
9,,T,,21,49,131,286,,320,571,665,354,664,2,3126
10,DISEASES OF THE RESPIRATORY,M,,26,15,41,44,,88,145,167,87,172,3,822
10,SYSTEM (J00-J98),F,,13,21,38,28,,45,70,104,50,72,1,467
10,,T,,39,36,79,72,,133,215,271,137,244,4,1289
11,DISEASES OF THE DIGESTIVE SYSTEM,M,,21,16,50,149,,265,286,220,85,102,0,1210
11,(K00-K92),F,,15,21,34,75,,139,155,136,60,59,0,703
11,,T,,36,37,84,224,,404,441,356,145,161,0,1913
12,DISEASES OF THE SKIN AND,M,,0,0,5,0,,1,3,6,1,0,0,17
12,SUBCUTANEOUS TISSUE (L00-L98),F,,1,0,0,5,,1,1,1,1,0,0,10
12,,T,,1,0,5,5,,2,4,7,2,0,0,27
13,DISEASES OF THE MUSCULOSKELETAL,M,,1,0,7,3,,1,8,6,1,3,0,31
13,SYSTEM AND CONNECTIVE TISSUE,F,,0,0,7,13,,12,7,4,0,4,0,47
13,(M00-M99),T,,1,0,14,16,,13,15,10,1,7,0,78
14,DISEASES OF THE GENITOURINARY,M,,8,8,20,26,,37,78,92,44,75,1,390
14,SYSTEM (N00-N99),F,,3,11,14,14,,32,65,61,41,37,0,281
14,,T,,11,19,34,40,,69,143,153,85,112,1,671
15,"PREGNANCY, CHILDBIRTH AND THE",F,,0,0,19,31,,5,3,0,0,0,0,58
15,PUERPERIUM (O00-O99),T,,0,0,19,31,,5,3,0,0,0,0,58
16,CERTAIN CONDITIONS ORIGINATING,M,,0,0,0,0,,0,0,0,0,0,0,508
16,IN THE PERINATAL PERIOD (P00-P96),F,,0,0,0,0,,0,0,0,0,0,0,323
16,,T,,0,0,0,0,,0,0,0,0,0,0,831
17,"CONGENITAL MALFORMATIONS,",M,,66,2,5,2,,2,2,0,0,2,0,230
17,DEFORMATIONS AND CHROMOSOMAL,F,,26,2,3,2,,3,3,0,1,0,0,120
17,ABNORMALITIES (Q00-Q99),T,,92,4,8,4,,5,5,0,1,2,0,350
18,"SYMPTOMS, SIGNS AND ABNORMAL",M,,18,17,27,44,,39,59,69,27,66,0,431
18,CLINICAL  AND LABORATORY FINDINGS,F,,16,49,30,36,,32,38,56,21,45,0,361
18,N.E.C. (R00-R99),T,,34,66,57,80,,71,97,125,48,111,0,792
19,"INJURY, POISONING AND CERTAIN OTHER",M,,0,1,26,45,,46,25,23,10,14,0,193
19,CONSEQUENCES OF EXTERNAL,F,,0,4,12,9,,11,4,11,4,7,0,62
19,CAUSES (S00-T98),T,,0,5,38,54,,57,29,34,14,21,0,255
20,Codes for Special Purposes,M,,4,1,11,36,,53,74,72,35,55,0,350
20,(U00-U49),F,,3,6,10,14,,21,41,34,18,24,0,176
20,,T,,7,7,21,50,,74,115,106,53,79,0,526
,,M,,218,169,365,655,,919,1299,1340,611,1079,6,7526
,A L L  C A U S E S,F,,136,214,298,440,,499,717,790,422,624,4,4674
,,T,,354,383,663,1095,,1418,2016,2130,1033,1703,10,12200
139,,,,,,,,,,,,,,,
CHHATTISGARH,,,,,,,,,,,,,,,
Major,,,,,,,,,,,,,,,
AGE GROUPS,,,,,,,,,,,,,,,
"Group
No.",CA U S E  O F   D E A T H,Sex,,1-4,5-14,15-24,25-34    35-44,,,45-54,55-64,65-69,70+,N.S.    TOTAL,
1,2,3,,5,6,7,8            9,,,10,11,12,13,14          15,
1,CERTAIN INFECTIOUS AND PARASITIC,M,,36,60,240,280,,245,115,285,132,260,42,1952
1,DISEASES (A00-B99),F,,33,57,123,128,,158,154,164,73,118,29,1273
1,,T,,69,117,363,408,,403,269,449,205,378,71,3225
2,NEOPLASMS,M,,4,23,62,95,,101,38,125,50,65,1,578
2,(C00-D48),F,,3,14,37,66,,158,20,114,24,45,1,484
2,,T,,7,37,99,161,,259,58,239,74,110,2,1062
3,DISEASES OF BLOOD & BLOOD FORMING,M,,16,19,59,57,,60,60,59,28,37,6,428
3,ORGANS & CERTAIN DISORDERS INVOLVING,F,,6,22,66,50,,71,69,40,19,26,6,406
3,THE IMMUNE MECHANISM (D50-D89),T,,22,41,125,107,,131,129,99,47,63,12,834
4,"ENDOCRINE, NUTRITIONAL AND METABOLIC",M,,1,7,35,49,,99,9,105,49,74,5,441
4,DISEASES (E00-E89),F,,1,5,9,31,,54,5,58,43,46,6,266
4,,T,,2,12,44,80,,153,14,163,92,120,11,707
5,MENTAL AND BEHAVIOURAL DISORDERS,M,,0,0,12,18,,18,4,12,5,2,0,72
5,(F01-F99),F,,0,0,2,1,,5,1,2,2,5,0,19
5,,T,,0,0,14,19,,23,5,14,7,7,0,91
6,DISEASES OF THE NERVOUS SYSTEM,M,,9,11,20,32,,17,14,16,4,21,2,168
6,(G00-G98),F,,9,11,15,8,,30,10,12,8,14,1,138
6,,T,,18,22,35,40,,47,24,28,12,35,3,306
7,DISEASES OF THE EYE AND ADNEXA,M,,1,0,1,2,,0,1,1,1,0,0,7
7,(H00-H59),F,,0,0,0,0,,0,0,0,0,0,0,0
7,,T,,1,0,1,2,,0,1,1,1,0,0,7
8,DISEASES OF THE EAR AND MASTOID,M,,0,0,0,2,,1,0,0,0,1,0,4
8,PROCESS (H60-H95),F,,0,0,0,0,,0,0,0,0,0,0,1
8,,T,,0,0,0,2,,1,0,0,0,1,0,5
9,DISEASES OF THE CIRCULATORY,M,,63,112,800,1010,,1536,448,1600,712,1171,216,8064
9,SYSTEM (I00-I99),F,,57,116,514,495,,672,382,789,400,657,135,4520
9,,T,,120,228,1314,1505,,2208,830,2389,1112,1828,351,12584
10,DISEASES OF THE RESPIRATORY,M,,33,38,185,239,,352,91,410,199,482,46,2264
10,SYSTEM (J00-J98),F,,26,39,103,86,,158,88,206,107,182,30,1191
10,,T,,59,77,288,325,,510,179,616,306,664,76,3455
11,DISEASES OF THE DIGESTIVE SYSTEM,M,,2,5,102,196,,173,36,126,44,57,17,772
11,(K00-K92),F,,2,9,29,40,,40,26,45,17,14,2,231
11,,T,,4,14,131,236,,213,62,171,61,71,19,1003
12,DISEASES OF THE SKIN AND,M,,0,0,0,3,,3,2,5,3,4,1,21
12,SUBCUTANEOUS TISSUE (L00-L98),F,,0,1,1,3,,2,0,4,1,1,0,13
12,,T,,0,1,1,6,,5,2,9,4,5,1,34
13,DISEASES OF THE MUSCULOSKELETAL,M,,1,0,3,4,,10,15,9,3,4,0,50
13,SYSTEM AND CONNECTIVE TISSUE,F,,0,0,6,2,,3,4,4,5,2,0,27
13,(M00-M99),T,,1,0,9,6,,13,19,13,8,6,0,77
14,DISEASES OF THE GENITOURINARY,M,,2,7,61,61,,107,30,118,47,100,16,566
14,SYSTEM (N00-N99),F,,3,8,32,40,,55,22,42,24,49,4,300
14,,T,,5,15,93,101,,162,52,160,71,149,20,866
15,"PREGNANCY, CHILDBIRTH AND THE",F,,0,0,99,39,,28,32,0,0,0,6,204
15,PUERPERIUM (O00-O99),T,,0,0,99,39,,28,32,0,0,0,6,204
16,CERTAIN CONDITIONS ORIGINATING,M,,0,0,0,0,,0,0,0,0,0,46,1761
16,IN THE PERINATAL PERIOD (P00-P96),F,,0,0,0,0,,0,0,0,0,0,47,1559
16,,T,,0,0,0,0,,0,0,0,0,0,93,3320
17,"CONGENITAL MALFORMATIONS,",M,,1,0,5,2,,6,1,8,0,4,0,55
17,DEFORMATIONS AND CHROMOSOMAL,F,,0,1,3,2,,2,1,0,1,1,1,36
17,ABNORMALITIES (Q00-Q99),T,,1,1,8,4,,8,2,8,1,5,1,91
18,"SYMPTOMS, SIGNS AND ABNORMAL",M,,128,158,701,794,,1038,552,975,376,714,181,6012
18,CLINICAL  AND LABORATORY FINDINGS,F,,171,160,271,251,,394,318,455,230,434,96,3142
18,N.E.C. (R00-R99),T,,299,318,972,1045,,1432,870,1430,606,1148,277,9154
19,"INJURY, POISONING AND CERTAIN OTHER",M,,21,26,287,236,,179,195,141,47,68,24,1243
19,CONSEQUENCES OF EXTERNAL,F,,8,21,114,97,,78,124,43,22,35,9,558
19,CAUSES (S00-T98),T,,29,47,401,333,,257,319,184,69,103,33,1801
20,Codes for Special Purposes,M,,1,3,72,170,,321,33,508,249,408,45,1820
20,(U00-U49),F,,0,5,33,60,,151,16,190,96,141,17,712
20,,T,,1,8,105,230,,472,49,698,345,549,62,2532
,,M,,319,469,2645,3250,,4266,1644,4503,1949,3472,648,26278
,A L L  C A U S E S,F,,319,469,1457,1399,,2059,1272,2168,1072,1770,390,15080
,,T,,638,938,4102,4649,,6325,2916,6671,3021,5242,1038,41358
DELHI,,,,,,,,,,,,,,,
Major,,,,,,,,,,,,,,,
AGE GROUPS,,,,,,,,,,,,,,,
Group No.,CA U S E  O F   D E A T H,Sex,,1-4,5-14,15-24,25-34    35-44,,,45-54,55-64,65-69,70+,N.S.    TOTAL,
1,2,3,,5,6,7,8            9,,,10,11,12,13,14          15,
1,CERTAIN INFECTIOUS AND PARASITIC,M,,109,181,409,570,,702,916,1013,401,1035,87,5936
1,DISEASES (A00-B99),F,,96,231,453,428,,328,482,595,265,738,51,4022
1,,T,,205,412,862,998,,1030,1398,1608,666,1773,138,9958
2,NEOPLASMS,M,,45,100,119,142,,234,375,551,264,388,9,2259
2,(C00-D48),F,,22,44,60,131,,234,397,392,149,239,3,1678
2,,T,,67,144,179,273,,468,772,943,413,627,12,3937
3,DISEASES OF BLOOD & BLOOD FORMING,M,,16,47,52,47,,62,37,50,17,31,1,379
3,ORGANS & CERTAIN DISORDERS INVOLVING,F,,10,33,41,42,,42,37,35,12,38,3,304
3,THE IMMUNE MECHANISM (D50-D89),T,,26,80,93,89,,104,74,85,29,69,4,683
4,"ENDOCRINE, NUTRITIONAL AND METABOLIC",M,,9,7,30,50,,83,221,329,140,280,4,1175
4,DISEASES (E00-E89),F,,10,7,33,38,,87,173,239,140,233,4,981
4,,T,,19,14,63,88,,170,394,568,280,513,8,2156
5,MENTAL AND BEHAVIOURAL DISORDERS,M,,0,1,5,6,,4,1,3,0,4,0,25
5,(F01-F99),F,,0,0,1,3,,2,4,0,0,2,3,15
5,,T,,0,1,6,9,,6,5,3,0,6,3,40
6,DISEASES OF THE NERVOUS SYSTEM,M,,48,73,98,83,,107,139,143,60,108,5,930
6,(G00-G98),F,,49,59,63,48,,55,66,75,33,80,3,590
6,,T,,97,132,161,131,,162,205,218,93,188,8,1520
7,DISEASES OF THE EYE AND ADNEXA,M,,0,0,0,0,,0,1,0,0,0,0,1
7,(H00-H59),F,,0,0,0,0,,0,0,0,0,0,0,0
7,,T,,0,0,0,0,,0,1,0,0,0,0,1
8,DISEASES OF THE EAR AND MASTOID,M,,0,0,0,0,,0,0,0,0,0,0,0
8,PROCESS (H60-H95),F,,0,0,0,0,,0,0,0,0,0,0,0
8,,T,,0,0,0,0,,0,0,0,0,0,0,0
9,DISEASES OF THE CIRCULATORY,M,,52,73,258,477,,908,1473,2100,1030,2136,116,8750
9,SYSTEM (I00-I99),F,,34,64,214,282,,418,770,1129,591,1563,62,5203
9,,T,,86,137,472,759,,1326,2243,3229,1621,3699,178,13953
10,DISEASES OF THE RESPIRATORY,M,,96,114,191,287,,443,708,1004,529,1209,113,4985
10,SYSTEM (J00-J98),F,,62,108,191,170,,236,431,548,304,772,40,3071
10,,T,,158,222,382,457,,679,1139,1552,833,1981,153,8056
11,DISEASES OF THE DIGESTIVE SYSTEM,M,,23,30,120,343,,725,710,525,153,349,10,3060
11,(K00-K92),F,,19,37,86,112,,100,193,209,118,191,12,1118
11,,T,,42,67,206,455,,825,903,734,271,540,22,4178
12,DISEASES OF THE SKIN AND,M,,0,2,1,3,,2,2,0,1,2,0,14
12,SUBCUTANEOUS TISSUE (L00-L98),F,,0,2,2,0,,3,0,4,1,1,0,14
12,,T,,0,4,3,3,,5,2,4,2,3,0,28
13,DISEASES OF THE MUSCULOSKELETAL,M,,2,2,5,3,,6,10,14,4,8,0,54
13,SYSTEM AND CONNECTIVE TISSUE,F,,1,3,5,8,,8,7,6,4,2,1,46
13,(M00-M99),T,,3,5,10,11,,14,17,20,8,10,1,100
14,DISEASES OF THE GENITOURINARY,M,,18,35,68,92,,147,249,260,117,260,10,1316
14,SYSTEM (N00-N99),F,,18,24,46,77,,102,134,196,73,185,8,902
14,,T,,36,59,114,169,,249,383,456,190,445,18,2218
15,"PREGNANCY, CHILDBIRTH AND THE",F,,0,0,64,81,,14,3,0,0,0,0,162
15,PUERPERIUM (O00-O99),T,,0,0,64,81,,14,3,0,0,0,0,162
16,CERTAIN CONDITIONS ORIGINATING,M,,0,0,0,0,,0,0,0,0,0,101,1260
16,IN THE PERINATAL PERIOD (P00-P96),F,,0,0,0,0,,0,0,0,0,0,67,807
16,,T,,0,0,0,0,,0,0,0,0,0,168,2067
17,"CONGENITAL MALFORMATIONS,",M,,22,20,11,2,,4,4,11,2,12,9,317
17,DEFORMATIONS AND CHROMOSOMAL,F,,19,7,5,2,,1,2,5,3,5,2,160
17,ABNORMALITIES (Q00-Q99),T,,41,27,16,4,,5,6,16,5,17,11,477
18,"SYMPTOMS, SIGNS AND ABNORMAL",M,,174,215,736,1262,,1603,1964,2283,1104,2362,303,12912
18,CLINICAL  AND LABORATORY FINDINGS,F,,144,240,581,539,,586,817,1171,627,1687,153,7148
18,N.E.C. (R00-R99),T,,318,455,1317,1801,,2189,2781,3454,1731,4049,456,20060
19,"INJURY, POISONING AND CERTAIN OTHER",M,,85,73,269,345,,349,258,195,51,82,5,1736
19,CONSEQUENCES OF EXTERNAL,F,,63,52,112,141,,93,104,85,42,82,2,792
19,CAUSES (S00-T98),T,,148,125,381,486,,442,362,280,93,164,7,2528
20,Codes for Special Purposes,M,,11,13,69,177,,438,877,1386,730,1786,248,5764
20,(U00-U49),F,,14,30,98,120,,212,439,712,370,842,132,2980
20,,T,,25,43,167,297,,650,1316,2098,1100,2628,380,8744
,,M,,710,986,2441,3889,,5817,7945,9867,4603,10052,1021,50873
,A L L  C A U S E S,F,,561,941,2055,2222,,2521,4059,5401,2732,6660,546,29993
,,T,,1271,1927,4496,6111,,8338,12004,15268,7335,16712,1567,80866
"Group
No.",CA U S E  O F   D E A T H,Sex,,1-4      5-14     15-24,,,25-34    35-44,,,45-54,55-64,65-69,70+,N.S.    TOTAL,
1,2,3,,5            6            7,,,8            9,,,10,11,12,13,14          15,
1,CERTAIN INFECTIOUS AND PARASITIC,M,,0,,,12,,19,21,11,10,25,0,103
1,DISEASES (A00-B99),F,,1,,,5,,8,4,14,10,19,0,69
1,,T,,1,,,17,,27,25,25,20,44,0,172
2,NEOPLASMS,M,,0,,,1,,3,7,7,6,1,0,26
2,(C00-D48),F,,0,,,2,,2,5,8,1,5,0,24
2,,T,,0,,,3,,5,12,15,7,6,0,50
3,DISEASES OF BLOOD & BLOOD FORMING,M,,0,,,0,,3,2,1,0,1,0,10
3,ORGANS & CERTAIN DISORDERS INVOLVING,F,,0,,,1,,4,1,1,0,0,0,8
3,THE IMMUNE MECHANISM (D50-D89),T,,0,,,1,,7,3,2,0,1,0,18
4,"ENDOCRINE, NUTRITIONAL AND METABOLIC",M,,0,,,2,,10,10,14,4,11,0,52
4,DISEASES (E00-E89),F,,0,,,1,,1,3,2,4,8,0,19
4,,T,,0,,,3,,11,13,16,8,19,0,71
5,MENTAL AND BEHAVIOURAL DISORDERS,M,,0,,,0,,1,1,0,0,1,0,3
5,(F01-F99),F,,0,,,0,,0,0,0,0,0,0,0
5,,T,,0,,,0,,1,1,0,0,1,0,3
6,DISEASES OF THE NERVOUS SYSTEM,M,,1,,,1,,1,1,0,1,0,0,13
6,(G00-G98),F,,1,,,0,,1,0,0,0,6,0,9
6,,T,,2,,,1,,2,1,0,1,6,0,22
7,DISEASES OF THE EYE AND ADNEXA,M,,0,,,0,,0,0,0,0,0,0,0
7,(H00-H59),F,,0,,,0,,0,0,0,0,0,0,1
7,,T,,0,,,0,,0,0,0,0,0,0,1
8,DISEASES OF THE EAR AND MASTOID,M,,0,,,0,,0,0,0,0,0,0,0
8,PROCESS (H60-H95),F,,0,,,0,,0,0,0,0,0,0,0
8,,T,,0,,,0,,0,0,0,0,0,0,0
9,DISEASES OF THE CIRCULATORY,M,,0,,,41,,79,122,169,70,131,0,619
9,SYSTEM (I00-I99),F,,0,,,16,,18,29,48,48,127,0,294
9,,T,,0,,,57,,97,151,217,118,258,0,913
10,DISEASES OF THE RESPIRATORY,M,,4,,,16,,18,24,18,15,33,0,141
10,SYSTEM (J00-J98),F,,2,,,7,,4,4,19,19,19,0,83
10,,T,,6,,,23,,22,28,37,34,52,0,224
11,DISEASES OF THE DIGESTIVE SYSTEM,M,,0,,,14,,22,28,16,4,3,0,92
11,(K00-K92),F,,0,,,2,,2,1,3,0,2,0,11
11,,T,,0,,,16,,24,29,19,4,5,0,103
12,DISEASES OF THE SKIN AND,M,,0,,,0,,1,2,0,0,0,0,3
12,SUBCUTANEOUS TISSUE (L00-L98),F,,0,,,0,,0,0,0,0,0,0,0
12,,T,,0,,,0,,1,2,0,0,0,0,3
13,DISEASES OF THE MUSCULOSKELETAL,M,,0,,,0,,0,0,0,0,1,0,2
13,SYSTEM AND CONNECTIVE TISSUE,F,,0,,,0,,0,0,0,1,0,0,2
13,(M00-M99),T,,0,,,0,,0,0,0,1,1,0,4
14,DISEASES OF THE GENITOURINARY,M,,1,,,9,,8,14,21,14,24,0,93
14,SYSTEM (N00-N99),F,,0,,,3,,5,5,9,1,23,0,48
14,,T,,1,,,12,,13,19,30,15,47,0,141
15,"PREGNANCY, CHILDBIRTH AND THE",F,,0,,,1,,0,1,0,0,0,0,3
15,PUERPERIUM (O00-O99),T,,0,,,1,,0,1,0,0,0,0,3
16,CERTAIN CONDITIONS ORIGINATING,M,,0,,,0,,0,0,0,0,0,0,82
16,IN THE PERINATAL PERIOD (P00-P96),F,,0,,,0,,0,0,0,0,0,0,66
16,,T,,0,,,0,,0,0,0,0,0,0,148
17,"CONGENITAL MALFORMATIONS,",M,,0,,,0,,0,0,0,0,0,0,10
17,DEFORMATIONS AND CHROMOSOMAL,F,,0,,,1,,0,0,0,0,0,0,4
17,ABNORMALITIES (Q00-Q99),T,,0,,,1,,0,0,0,0,0,0,14
18,"SYMPTOMS, SIGNS AND ABNORMAL",M,,3,,,6,,16,16,14,7,47,0,123
18,CLINICAL  AND LABORATORY FINDINGS,F,,2,,,0,,3,13,8,2,112,0,154
18,N.E.C. (R00-R99),T,,5,,,6,,19,29,22,9,159,0,277
19,"INJURY, POISONING AND CERTAIN OTHER",M,,2,,,11,,18,11,8,3,5,0,82
19,CONSEQUENCES OF EXTERNAL,F,,0,,,7,,3,1,1,1,0,0,18
19,CAUSES (S00-T98),T,,2,,,18,,21,12,9,4,5,0,100
20,Codes for Special Purposes,M,,0,,,0,,0,0,1,0,0,0,1
20,(U00-U49),F,,0,,,0,,0,1,0,0,0,0,1
20,,T,,0,,,0,,0,1,1,0,0,0,2
,,M,,11,,,113,,199,259,280,134,283,0,1455
,A L L  C A U S E S,F,,6,,,46,,51,68,113,87,321,0,814
,,T,,17,,,159,,250,327,393,221,604,0,2269
GOA,,,,,,,,,,,,,,,
"Group
No.",CA U S E  O F   D E A T H,Sex,,1-4      5-14     15-24,,,25-34    35-44,,,45-54,55-64,65-69,70+,N.S.    TOTAL,
1,2,3,,5            6            7,,,8            9,,,10,11,12,13,14          15,
I,CERTAIN INFECTIOUS AND PARASITIC,M,,0,,,20,,49,66,54,14,66,1,286
,DISEASES (A00-B99),F,,2,,,8,,18,22,19,5,92,1,178
,,T,,2,,,28,,67,88,73,19,158,2,464
II,NEOPLASMS,M,,1,,,6,,20,59,131,87,217,0,527
,(C00-D48),F,,2,,,9,,26,81,125,82,202,0,535
,,T,,3,,,15,,46,140,256,169,419,0,1062
III,DISEASES OF BLOOD & BLOOD FORMING,M,,2,,,4,,5,13,10,4,31,0,71
,ORGANS & CERTAIN DISORDERS INVOLVING,F,,1,,,5,,8,4,5,6,50,0,82
,THE IMMUNE MECHANISM (D50-D89),T,,3,,,9,,13,17,15,10,81,0,153
IV,"ENDOCRINE, NUTRITIONAL AND METABOLIC",M,,0,,,7,,27,90,188,135,393,1,843
,DISEASES (E00-E89),F,,0,,,1,,5,40,95,85,426,0,653
,,T,,0,,,8,,32,130,283,220,819,1,1496
V,MENTAL AND BEHAVIOURAL DISORDERS,M,,0,,,2,,3,2,3,1,11,0,24
,(F01-F99),F,,0,,,1,,1,1,0,0,8,0,13
,,T,,0,,,3,,4,3,3,1,19,0,37
VI,DISEASES OF THE NERVOUS SYSTEM,M,,2,,,12,,15,21,34,17,61,0,171
,(G00-G98),F,,2,,,2,,7,6,13,11,42,0,89
,,T,,4,,,14,,22,27,47,28,103,0,260
VII,DISEASES OF THE EYE AND ADNEXA,M,,0,,,0,,0,0,0,0,0,0,0
,(H00-H59),F,,0,,,0,,0,0,0,0,0,0,0
,,T,,0,,,0,,0,0,0,0,0,0,0
VIII,DISEASES OF THE EAR AND MASTOID,M,,0,,,0,,0,0,0,0,0,0,0
,PROCESS (H60-H95),F,,0,,,0,,0,0,0,0,0,0,0
,,T,,0,,,0,,0,0,0,0,0,0,0
IX,DISEASES OF THE CIRCULATORY,M,,1,,,40,,136,312,494,334,1346,13,2698
,SYSTEM (I00-I99),F,,1,,,13,,45,115,225,228,1797,7,2441
,,T,,2,,,53,,181,427,719,562,3143,20,5139
X,DISEASES OF THE RESPIRATORY,M,,2,,,44,,47,69,91,61,322,3,649
,SYSTEM (J00-J98),F,,2,,,13,,14,34,55,56,362,0,546
,,T,,4,,,57,,61,103,146,117,684,3,1195
XI,DISEASES OF THE DIGESTIVE SYSTEM,M,,0,,,91,,225,318,206,79,84,6,1016
,(K00-K92),F,,0,,,5,,5,24,25,7,34,0,101
,,T,,0,,,96,,230,342,231,86,118,6,1117
XII,DISEASES OF THE SKIN AND,M,,0,,,0,,3,5,5,2,3,0,20
,SUBCUTANEOUS TISSUE (L00-L98),F,,0,,,0,,0,1,2,0,5,0,8
,,T,,0,,,0,,3,6,7,2,8,0,28
XIII,DISEASES OF THE MUSCULOSKELETAL,M,,0,,,1,,1,1,2,1,5,0,12
,SYSTEM AND CONNECTIVE TISSUE,F,,0,,,0,,5,2,8,0,6,0,21
,(M00-M99),T,,0,,,1,,6,3,10,1,11,0,33
XIV,DISEASES OF THE GENITOURINARY,M,,1,,,9,,30,55,83,45,137,0,367
,SYSTEM (N00-N99),F,,0,,,7,,10,28,40,29,112,1,234
,,T,,1,,,16,,40,83,123,74,249,1,601
XV,"PREGNANCY, CHILDBIRTH AND THE",F,,0,,,6,,1,0,0,0,0,0,9
,PUERPERIUM (O00-O99),T,,0,,,6,,1,0,0,0,0,0,9
XVI,CERTAIN CONDITIONS ORIGINATING,M,,0,,,0,,0,0,0,0,0,0,76
,IN THE PERINATAL PERIOD (P00-P96),F,,0,,,0,,0,0,0,0,0,0,47
,,T,,0,,,0,,0,0,0,0,0,0,123
XVII,"CONGENITAL MALFORMATIONS,",M,,0,,,0,,0,0,0,0,0,0,23
,DEFORMATIONS AND CHROMOSOMAL,F,,0,,,0,,0,0,0,0,0,0,11
,ABNORMALITIES (Q00-Q99),T,,0,,,0,,0,0,0,0,0,0,34
XVIII,"SYMPTOMS, SIGNS AND ABNORMAL",M,,3,,,54,,69,65,80,61,263,52,671
,CLINICAL  AND LABORATORY FINDINGS,F,,3,,,6,,6,19,55,42,415,43,604
,N.E.C. (R00-R99),T,,6,,,60,,75,84,135,103,678,95,1275
XIX,"INJURY, POISONING AND CERTAIN OTHER",M,,1,,,153,,114,103,88,24,41,2,647
,CONSEQUENCES OF EXTERNAL,F,,2,,,25,,15,24,24,7,22,1,147
,CAUSES (S00-T98),T,,3,,,178,,129,127,112,31,63,3,794
XXII,Codes for Special Purposes,M,,1,,,16,,26,101,130,81,198,2,559
,(U00-U49),F,,0,,,8,,6,31,58,36,78,1,222
,,T,,1,,,24,,32,132,188,117,276,3,781
,,M,,14,,,459,,770,1280,1599,946,3178,80,8660
,A L L  C A U S E S,F,,15,,,109,,172,432,749,594,3651,54,5941
,,T,,29,,,568,,942,1712,2348,1540,6829,134,14601
"TABLE 7.11 :MEDICALLY CERTIFIED DEATHS BY AGE, SEX AND MAJOR CAUSE GROUPS (BASED UPON TENTH REVISION OF ICD) DURING 2020",,,,,,,,,,,,,,,
GUJARAT,,,,,,,,,,,,,,,
Major,,,,,,,,,,,,,,,
AGE GROUPS,,,,,,,,,,,,,,,
"Group
No.",CA U S E  O F   D E A T H,Sex,,1-4,5-14,15-24,25-34,35-44,,45-54,55-64,65-69,70+,N.S.,
1,2,3,,5,6,7,8,9,,10,11,12,13,14,
I,CERTAIN INFECTIOUS AND PARASITIC,M,,159,137,243,382,705,,914,1181,758,1545,0,
,DISEASES (A00-B99),F,,134,112,237,235,348,,485,675,410,1044,0,
,,T,,293,249,480,617,1053,,1399,1856,1168,2589,0,
II,NEOPLASMS,M,,20,82,89,132,218,,397,462,216,369,0,
,(C00-D48),F,,28,44,52,73,184,,278,263,112,235,0,
,,T,,48,126,141,205,402,,675,725,328,604,0,
III,DISEASES OF BLOOD & BLOOD FORMING,M,,22,28,63,68,81,,186,272,139,246,0,
,ORGANS & CERTAIN DISORDERS INVOLVING,F,,20,26,69,58,52,,95,161,112,204,0,
,THE IMMUNE MECHANISM (D50-D89),T,,42,54,132,126,133,,281,433,251,450,0,
IV,"ENDOCRINE, NUTRITIONAL AND METABOLIC",M,,26,30,26,74,111,,164,225,118,199,0,
,DISEASES (E00-E89),F,,21,15,22,36,39,,86,160,86,182,0,
,,T,,47,45,48,110,150,,250,385,204,381,0,
V,MENTAL AND BEHAVIOURAL DISORDERS,M,,0,0,16,13,27,,23,21,13,26,0,
,(F01-F99),F,,0,0,13,6,1,,8,8,8,17,0,
,,T,,0,0,29,19,28,,31,29,21,43,0,
VI,DISEASES OF THE NERVOUS SYSTEM,M,,28,28,81,94,128,,196,266,152,307,0,
,(G00-G98),F,,17,38,32,43,63,,111,148,83,227,0,
,,T,,45,66,113,137,191,,307,414,235,534,0,
VII,DISEASES OF THE EYE AND ADNEXA,M,,0,0,0,0,0,,21,22,34,26,0,
,(H00-H59),F,,0,0,0,0,0,,8,3,19,18,0,
,,T,,0,0,0,0,0,,29,25,53,44,0,
VIII,DISEASES OF THE EAR AND MASTOID,M,,0,0,0,0,0,,0,16,34,30,0,
,PROCESS (H60-H95),F,,0,0,0,0,0,,0,22,15,11,0,
,,T,,0,0,0,0,0,,0,38,49,41,0,
IX,DISEASES OF THE CIRCULATORY,M,,47,54,385,738,1521,,3065,4822,2588,6011,0,
,SYSTEM (I00-I99),F,,49,35,313,365,781,,1348,2536,1502,4736,0,
,,T,,96,89,698,1103,2302,,4413,7358,4090,10747,0,
X,DISEASES OF THE RESPIRATORY,M,,139,157,213,648,923,,1895,3270,1888,3807,0,
,SYSTEM (J00-J98),F,,118,90,197,354,431,,903,1647,897,2194,0,
,,T,,257,247,410,1002,1354,,2798,4917,2785,6001,0,
XI,DISEASES OF THE DIGESTIVE SYSTEM,M,,9,9,62,271,558,,602,462,176,349,0,
,(K00-K92),F,,11,13,34,54,143,,165,202,85,260,0,
,,T,,20,22,96,325,701,,767,664,261,609,0,
XII,DISEASES OF THE SKIN AND,M,,2,1,4,10,20,,27,29,18,51,0,
,SUBCUTANEOUS TISSUE (L00-L98),F,,0,1,2,4,9,,15,18,8,31,0,
,,T,,2,2,6,14,29,,42,47,26,82,0,
XIII,DISEASES OF THE MUSCULOSKELETAL,M,,0,0,0,0,6,,37,19,15,25,0,
,SYSTEM AND CONNECTIVE TISSUE,F,,0,0,0,0,2,,30,18,11,27,0,
,(M00-M99),T,,0,0,0,0,8,,67,37,26,52,0,
XIV,DISEASES OF THE GENITOURINARY,M,,8,15,46,93,169,,261,374,205,458,0,
,SYSTEM (N00-N99),F,,8,18,44,81,90,,168,247,141,368,0,
,,T,,16,33,90,174,259,,429,621,346,826,0,
XV,"PREGNANCY, CHILDBIRTH AND THE",F,,0,0,32,69,44,,1,0,0,0,0,
,PUERPERIUM (O00-O99),T,,0,0,32,69,44,,1,0,0,0,0,
XVI,CERTAIN CONDITIONS ORIGINATING,M,,0,0,0,0,0,,0,0,0,0,0,
,IN THE PERINATAL PERIOD (P00-P96),F,,0,0,0,0,0,,0,0,0,0,0,
,,T,,0,0,0,0,0,,0,0,0,0,0,
XVII,"CONGENITAL MALFORMATIONS,",M,,55,13,12,8,12,,15,0,0,0,0,
,DEFORMATIONS AND CHROMOSOMAL,F,,27,15,13,5,2,,6,0,0,0,0,
,ABNORMALITIES (Q00-Q99),T,,82,28,25,13,14,,21,0,0,0,0,
XVIII,"SYMPTOMS, SIGNS AND ABNORMAL",M,,59,60,243,436,813,,1355,2265,1783,3528,0,
,CLINICAL  AND LABORATORY FINDINGS,F,,46,113,166,207,303,,579,1237,1020,3163,0,
,N.E.C. (R00-R99),T,,105,173,409,643,1116,,1934,3502,2803,6691,0,
XIX,"INJURY, POISONING AND CERTAIN OTHER",M,,21,26,291,310,320,,214,181,67,103,0,
,CONSEQUENCES OF EXTERNAL,F,,11,27,152,107,104,,71,84,30,66,0,
,CAUSES (S00-T98),T,,32,53,443,417,424,,285,265,97,169,0,
XXII,Codes for Special Purposes,M,,2,4,17,67,223,,497,846,504,850,0,
,(U00-U49),F,,2,1,11,21,64,,248,405,202,340,0,
,,T,,4,5,28,88,287,,745,1251,706,1190,0,
,,M,,597,644,1791,3344,5835,,9869,14733,8708,17930,0,
,A L L  C A U S E S,F,,492,548,1389,1718,2660,,4605,7834,4741,13123,0,
,,T,,1089,1192,3180,5062,8495,,14474,22567,13449,31053,0,
HARYANA,,,,,,,,,,,,,,,
Major Group,CA U S E  O F   D E A T H,,,,,,AGE GROUPS,,,,,,,,
No.,,,,1-4,5-14,15-24,25-34    35-44  45-54,,,,55-64,,70+,N.S.    TOTAL,
1,2,,,5,6,7,8            9           10,,,,11,,13,14          15,
1,CERTAIN INFECTIOUS AND PARASITIC,,,15,33,57,136,,222,326,419,,532,0,
1,DISEASES (A00-B99),,,7,31,71,91,,98,149,201,,334,0,
1,,,,22,64,128,227,,320,475,620,,866,0,
2,NEOPLASMS,,,2,4,14,28,,66,159,260,,178,0,
2,(C00-D48),,,2,9,8,23,,60,119,128,,107,0,
2,,,,4,13,22,51,,126,278,388,,285,0,
3,DISEASES OF BLOOD & BLOOD FORMING,,,5,2,3,1,,10,14,13,,19,0,
3,ORGANS & CERTAIN DISORDERS INVOLVING,,,4,3,14,11,,9,9,10,,13,0,
3,THE IMMUNE MECHANISM (D50-D89),,,9,5,17,12,,19,23,23,,32,0,
4,"ENDOCRINE, NUTRITIONAL AND METABOLIC",,,1,3,16,16,,32,56,81,,113,0,
4,DISEASES (E00-E89),,,3,2,9,11,,22,30,45,,95,0,
4,,,,4,5,25,27,,54,86,126,,208,0,
5,MENTAL AND BEHAVIOURAL DISORDERS,,,0,0,0,2,,3,4,2,,2,0,
5,(F01-F99),,,1,0,2,0,,0,2,0,,1,0,
5,,,,1,0,2,2,,3,6,2,,3,0,
6,DISEASES OF THE NERVOUS SYSTEM,,,3,5,9,10,,13,20,24,,18,0,
6,(G00-G98),,,2,6,3,6,,3,12,15,,19,0,
6,,,,5,11,12,16,,16,32,39,,37,0,
7,DISEASES OF THE EYE AND ADNEXA,,,0,0,0,0,,2,0,0,,1,0,
7,(H00-H59),,,0,0,0,0,,0,1,0,,0,0,
7,,,,0,0,0,0,,2,1,0,,1,0,
8,DISEASES OF THE EAR AND MASTOID,,,0,0,0,0,,0,0,0,,0,0,
8,PROCESS (H60-H95),,,0,0,0,0,,0,0,0,,0,0,
8,,,,0,0,0,0,,0,0,0,,0,0,
9,DISEASES OF THE CIRCULATORY,,,29,44,106,239,,357,649,878,,1221,0,
9,SYSTEM (I00-I99),,,16,37,92,120,,151,281,411,,840,0,
9,,,,45,81,198,359,,508,930,1289,,2061,0,
10,DISEASES OF THE RESPIRATORY,,,26,25,44,75,,158,229,371,,628,0,
10,SYSTEM (J00-J98),,,20,23,35,49,,77,97,189,,344,0,
10,,,,46,48,79,124,,235,326,560,,972,0,
11,DISEASES OF THE DIGESTIVE SYSTEM,,,1,7,18,87,,182,242,245,,132,0,
11,(K00-K92),,,2,5,14,18,,24,45,70,,75,0,
11,,,,3,12,32,105,,206,287,315,,207,0,
12,DISEASES OF THE SKIN AND,,,0,0,0,0,,1,1,1,,1,0,
12,SUBCUTANEOUS TISSUE (L00-L98),,,0,0,0,1,,1,0,0,,1,0,
12,,,,0,0,0,1,,2,1,1,,2,0,
13,DISEASES OF THE MUSCULOSKELETAL,,,0,0,1,3,,6,6,4,,2,0,
13,SYSTEM AND CONNECTIVE TISSUE,,,0,0,0,1,,1,3,5,,6,0,
13,(M00-M99),,,0,0,1,4,,7,9,9,,8,0,
14,DISEASES OF THE GENITOURINARY,,,1,2,25,36,,72,130,139,,191,0,
14,SYSTEM (N00-N99),,,1,2,20,24,,33,39,80,,109,0,
14,,,,2,4,45,60,,105,169,219,,300,0,
15,"PREGNANCY, CHILDBIRTH AND THE",,,0,0,7,11,,10,7,0,,0,0,
15,PUERPERIUM (O00-O99),,,0,0,7,11,,10,7,0,,0,0,
16,CERTAIN CONDITIONS ORIGINATING,,,0,0,0,0,,0,0,0,,0,0,
16,IN THE PERINATAL PERIOD (P00-P96),,,0,0,0,0,,0,0,0,,0,0,
16,,,,0,0,0,0,,0,0,0,,0,0,
17,"CONGENITAL MALFORMATIONS,",,,0,0,0,0,,0,1,0,,0,0,
17,DEFORMATIONS AND CHROMOSOMAL,,,0,0,0,0,,0,1,0,,2,0,
17,ABNORMALITIES (Q00-Q99),,,0,0,0,0,,0,2,0,,2,0,
18,"SYMPTOMS, SIGNS AND ABNORMAL",,,36,85,418,734,,811,936,963,,1473,0,
18,CLINICAL  AND LABORATORY FINDINGS,,,42,60,182,220,,198,223,381,,1134,0,
18,N.E.C. (R00-R99),,,78,145,600,954,,1009,1159,1344,,2607,0,
19,"INJURY, POISONING AND CERTAIN OTHER",,,14,11,106,179,,134,111,71,,42,0,
19,CONSEQUENCES OF EXTERNAL,,,8,4,68,68,,34,35,21,,25,0,
19,CAUSES (S00-T98),,,22,15,174,247,,168,146,92,,67,0,
20,Codes for Special Purposes,,,1,0,2,33,,47,113,183,,281,0,
20,(U00-U49),,,0,2,8,7,,26,55,77,,137,0,
20,,,,1,2,10,40,,73,168,260,,418,0,
,,,,134,221,819,1579,,2116,2997,3654,,4834,0,
,A L L   C A U S E S,,,108,184,533,661,,747,1108,1633,,3242,0,
,,,,242,405,1352,2240,,2863,4105,5287,,8076,0,
HIMACHAL PRADESH,,,,,,,,,,,,,,,
"Group
No.",CA U S E  O F   D E A T H,Sex,,1-4      5-14     15-24,,,25-34    35-44,,,45-54,55-64,65-69,70+,N.S.    TOTAL,
1,2,3,,5            6            7,,,8            9,,,10,11,12,13,14          15,
1,CERTAIN INFECTIOUS AND PARASITIC,M,,2,,,13,,38,64,48,19,50,22,269
1,DISEASES (A00-B99),F,,1,,,14,,9,31,26,30,25,6,169
1,,T,,3,,,27,,47,95,74,49,75,28,438
2,NEOPLASMS,M,,0,,,2,,8,23,53,25,26,18,161
2,(C00-D48),F,,0,,,7,,18,16,30,18,25,18,133
2,,T,,0,,,9,,26,39,83,43,51,36,294
3,DISEASES OF BLOOD & BLOOD FORMING,M,,0,,,2,,2,7,6,3,16,5,42
3,ORGANS & CERTAIN DISORDERS INVOLVING,F,,0,,,3,,1,4,4,3,12,10,39
3,THE IMMUNE MECHANISM (D50-D89),T,,0,,,5,,3,11,10,6,28,15,81
4,"ENDOCRINE, NUTRITIONAL AND METABOLIC",M,,1,,,1,,6,22,37,29,37,16,155
4,DISEASES (E00-E89),F,,1,,,3,,3,22,41,21,43,6,150
4,,T,,2,,,4,,9,44,78,50,80,22,305
5,MENTAL AND BEHAVIOURAL DISORDERS,M,,0,,,7,,13,9,23,4,8,7,74
5,(F01-F99),F,,0,,,1,,1,1,0,1,1,1,6
5,,T,,0,,,8,,14,10,23,5,9,8,80
6,DISEASES OF THE NERVOUS SYSTEM,M,,2,,,9,,11,16,8,14,25,9,107
6,(G00-G98),F,,0,,,3,,2,8,13,7,16,10,64
6,,T,,2,,,12,,13,24,21,21,41,19,171
7,DISEASES OF THE EYE AND ADNEXA,M,,0,,,0,,0,0,0,0,1,0,1
7,(H00-H59),F,,0,,,0,,0,0,0,0,1,0,1
7,,T,,0,,,0,,0,0,0,0,2,0,2
8,DISEASES OF THE EAR AND MASTOID,M,,0,,,0,,0,0,0,0,0,0,0
8,PROCESS (H60-H95),F,,0,,,0,,0,0,0,0,0,0,0
8,,T,,0,,,0,,0,0,0,0,0,0,0
9,DISEASES OF THE CIRCULATORY,M,,2,,,31,,61,107,205,108,359,85,987
9,SYSTEM (I00-I99),F,,2,,,21,,20,59,107,73,314,59,677
9,,T,,4,,,52,,81,166,312,181,673,144,1664
10,DISEASES OF THE RESPIRATORY,M,,2,,,11,,14,61,118,79,101,31,450
10,SYSTEM (J00-J98),F,,3,,,9,,9,36,77,52,99,26,325
10,,T,,5,,,20,,23,97,195,131,200,57,775
11,DISEASES OF THE DIGESTIVE SYSTEM,M,,0,,,11,,46,70,55,14,51,14,268
11,(K00-K92),F,,0,,,10,,8,17,12,7,21,7,85
11,,T,,0,,,21,,54,87,67,21,72,21,353
12,DISEASES OF THE SKIN AND,M,,0,,,0,,1,0,0,0,0,0,2
12,SUBCUTANEOUS TISSUE (L00-L98),F,,0,,,0,,1,0,1,0,2,0,4
12,,T,,0,,,0,,2,0,1,0,2,0,6
13,DISEASES OF THE MUSCULOSKELETAL,M,,0,,,0,,0,2,1,0,1,0,6
13,SYSTEM AND CONNECTIVE TISSUE,F,,0,,,1,,0,1,0,0,1,0,5
13,(M00-M99),T,,0,,,1,,0,3,1,0,2,0,11
14,DISEASES OF THE GENITOURINARY,M,,1,,,7,,17,14,29,4,24,14,118
14,SYSTEM (N00-N99),F,,0,,,4,,12,21,22,7,8,8,91
14,,T,,1,,,11,,29,35,51,11,32,22,209
15,"PREGNANCY, CHILDBIRTH AND THE",F,,0,,,3,,0,0,0,0,0,0,3
15,PUERPERIUM (O00-O99),T,,0,,,3,,0,0,0,0,0,0,3
16,CERTAIN CONDITIONS ORIGINATING,M,,0,,,0,,0,0,0,0,0,0,213
16,IN THE PERINATAL PERIOD (P00-P96),F,,0,,,0,,0,0,0,0,0,0,99
16,,T,,0,,,0,,0,0,0,0,0,0,312
17,"CONGENITAL MALFORMATIONS,",M,,1,,,1,,2,3,1,1,2,0,15
17,DEFORMATIONS AND CHROMOSOMAL,F,,1,,,1,,0,3,0,2,0,3,15
17,ABNORMALITIES (Q00-Q99),T,,2,,,2,,2,6,1,3,2,3,30
18,"SYMPTOMS, SIGNS AND ABNORMAL",M,,2,,,25,,34,46,58,35,85,23,394
18,CLINICAL  AND LABORATORY FINDINGS,F,,2,,,8,,10,23,38,24,59,13,257
18,N.E.C. (R00-R99),T,,4,,,33,,44,69,96,59,144,36,651
19,"INJURY, POISONING AND CERTAIN OTHER",M,,2,,,24,,24,28,9,8,13,13,131
19,CONSEQUENCES OF EXTERNAL,F,,1,,,10,,3,6,7,2,12,5,59
19,CAUSES (S00-T98),T,,3,,,34,,27,34,16,10,25,18,190
20,Codes for Special Purposes,M,,0,,,5,,31,75,144,72,209,61,605
20,(U00-U49),F,,0,,,9,,24,29,44,37,96,24,265
20,,T,,0,,,14,,55,104,188,109,305,85,870
,,M,,15,,,149,,308,547,795,415,1008,318,3998
,A L L  C A U S E S,F,,11,,,107,,121,277,422,284,735,196,2447
,,T,,26,,,256,,429,824,1217,699,1743,514,6445
JHARKHAND,,,,,,,,,,,,,,,
"Group
No.",CA U S E  O F   D E A T H,Sex,,1-4      5-14,,15-24,25-34    35-44,,,45-54,55-64,65-69,70+,N.S.    TOTAL,
1,2,3,,5            6,,7,8            9,,,10,11,12,13,14          15,
1,CERTAIN INFECTIOUS AND PARASITIC,M,,8,,16,20,,26,30,33,37,40,0,236
1,DISEASES (A00-B99),F,,3,,18,17,,21,10,10,18,15,3,131
1,,T,,11,,34,37,,47,40,43,55,55,3,367
2,NEOPLASMS,M,,0,,0,4,,6,4,17,12,8,0,51
2,(C00-D48),F,,0,,0,2,,3,17,14,11,5,1,54
2,,T,,0,,0,6,,9,21,31,23,13,1,105
3,DISEASES OF BLOOD & BLOOD FORMING,M,,0,,1,1,,8,4,2,8,5,0,29
3,ORGANS & CERTAIN DISORDERS INVOLVING,F,,0,,1,13,,10,18,7,12,8,3,72
3,THE IMMUNE MECHANISM (D50-D89),T,,0,,2,14,,18,22,9,20,13,3,101
4,"ENDOCRINE, NUTRITIONAL AND METABOLIC",M,,0,,0,0,,3,6,8,13,23,5,58
4,DISEASES (E00-E89),F,,0,,0,0,,4,3,16,13,28,5,69
4,,T,,0,,0,0,,7,9,24,26,51,10,127
5,MENTAL AND BEHAVIOURAL DISORDERS,M,,1,,0,0,,0,0,2,0,0,0,3
5,(F01-F99),F,,0,,0,0,,0,0,0,0,1,0,1
5,,T,,1,,0,0,,0,0,2,0,1,0,4
6,DISEASES OF THE NERVOUS SYSTEM,M,,0,,7,15,,18,30,30,24,37,12,176
6,(G00-G98),F,,1,,3,10,,3,7,32,20,23,7,107
6,,T,,1,,10,25,,21,37,62,44,60,19,283
7,DISEASES OF THE EYE AND ADNEXA,M,,0,,0,1,,0,1,0,1,1,0,4
7,(H00-H59),F,,0,,0,0,,0,0,2,0,1,0,3
7,,T,,0,,0,1,,0,1,2,1,2,0,7
8,DISEASES OF THE EAR AND MASTOID,M,,0,,0,0,,0,0,0,0,0,0,0
8,PROCESS (H60-H95),F,,0,,0,0,,0,0,0,0,0,0,0
8,,T,,0,,0,0,,0,0,0,0,0,0,0
9,DISEASES OF THE CIRCULATORY,M,,1,,45,116,,263,459,599,348,1022,22,2885
9,SYSTEM (I00-I99),F,,1,,40,65,,133,242,299,223,555,18,1596
9,,T,,2,,85,181,,396,701,898,571,1577,40,4481
10,DISEASES OF THE RESPIRATORY,M,,19,,2,5,,12,14,22,45,79,29,252
10,SYSTEM (J00-J98),F,,3,,2,2,,1,4,13,43,48,9,134
10,,T,,22,,4,7,,13,18,35,88,127,38,386
11,DISEASES OF THE DIGESTIVE SYSTEM,M,,0,,0,4,,3,4,23,26,28,10,100
11,(K00-K92),F,,0,,0,0,,2,8,22,31,30,11,104
11,,T,,0,,0,4,,5,12,45,57,58,21,204
12,DISEASES OF THE SKIN AND,M,,0,,0,1,,1,1,0,0,1,0,4
12,SUBCUTANEOUS TISSUE (L00-L98),F,,0,,0,0,,0,0,1,0,0,0,1
12,,T,,0,,0,1,,1,1,1,0,1,0,5
13,DISEASES OF THE MUSCULOSKELETAL,M,,0,,0,0,,0,0,0,1,0,0,2
13,SYSTEM AND CONNECTIVE TISSUE,F,,0,,0,0,,1,2,0,0,0,0,3
13,(M00-M99),T,,0,,0,0,,1,2,0,1,0,0,5
14,DISEASES OF THE GENITOURINARY,M,,2,,3,2,,8,7,9,29,39,17,117
14,SYSTEM (N00-N99),F,,0,,2,1,,3,4,10,17,39,15,91
14,,T,,2,,5,3,,11,11,19,46,78,32,208
15,"PREGNANCY, CHILDBIRTH AND THE",F,,0,,2,4,,6,1,0,0,0,0,13
15,PUERPERIUM (O00-O99),T,,0,,2,4,,6,1,0,0,0,0,13
16,CERTAIN CONDITIONS ORIGINATING,M,,0,,0,0,,0,0,0,0,0,0,44
16,IN THE PERINATAL PERIOD (P00-P96),F,,0,,0,0,,0,0,0,0,0,0,17
16,,T,,0,,0,0,,0,0,0,0,0,0,61
17,"CONGENITAL MALFORMATIONS,",M,,0,,0,0,,0,0,1,0,0,0,1
17,DEFORMATIONS AND CHROMOSOMAL,F,,0,,0,0,,0,0,1,0,0,0,1
17,ABNORMALITIES (Q00-Q99),T,,0,,0,0,,0,0,2,0,0,0,2
18,"SYMPTOMS, SIGNS AND ABNORMAL",M,,1,,5,13,,14,22,36,26,35,19,176
18,CLINICAL  AND LABORATORY FINDINGS,F,,1,,3,8,,18,6,22,21,22,18,123
18,N.E.C. (R00-R99),T,,2,,8,21,,32,28,58,47,57,37,299
19,"INJURY, POISONING AND CERTAIN OTHER",M,,2,,6,8,,4,9,2,0,3,0,37
19,CONSEQUENCES OF EXTERNAL,F,,2,,16,12,,11,8,6,4,0,0,61
19,CAUSES (S00-T98),T,,4,,22,20,,15,17,8,4,3,0,98
20,Codes for Special Purposes,M,,0,,1,14,,37,85,106,48,137,0,428
20,(U00-U49),F,,0,,0,6,,7,25,43,20,28,0,129
20,,T,,0,,1,20,,44,110,149,68,165,0,557
,,M,,34,,86,204,,403,676,890,618,1458,114,4603
,A L L  C A U S E S,F,,11,,87,140,,223,355,498,433,803,90,2710
total,,T,,45,,173,344,,626,1031,1388,1051,2261,204,7313
KARNATAKA,,,,,,,,,,,,,,,
Group No.,CA U S E  O F   D E A T H,Sex,,1-4,5-14,15-24,25-34,35-44,,45-54,55-64,65-69,70+,N.S.,
1,2,3,,5,6,7,8,9,,10,11,12,13,14,
1,CERTAIN INFECTIOUS AND PARASITIC,M,,75,139,268,562,1143,,1464,1355,810,1401,162,
1,DISEASES (A00-B99),F,,90,136,225,385,519,,668,751,400,944,76,
1,,T,,165,275,493,947,1662,,2132,2106,1210,2345,238,
2,NEOPLASMS,M,,27,128,177,284,644,,1195,1687,997,1750,216,
2,(C00-D48),F,,24,52,86,195,559,,1056,1196,623,1192,140,
2,,T,,51,180,263,479,1203,,2251,2883,1620,2942,356,
3,DISEASES OF BLOOD & BLOOD FORMING,M,,37,37,74,84,142,,187,183,92,243,44,
3,ORGANS & CERTAIN DISORDERS INVOLVING,F,,20,37,100,101,111,,121,144,78,225,31,
3,THE IMMUNE MECHANISM (D50-D89),T,,57,74,174,185,253,,308,327,170,468,75,
4,"ENDOCRINE, NUTRITIONAL AND METABOLIC",M,,1,21,51,165,435,,1092,1778,1037,2327,249,
4,DISEASES (E00-E89),F,,3,29,48,75,221,,618,1104,696,1774,118,
4,,T,,4,50,99,240,656,,1710,2882,1733,4101,367,
5,MENTAL AND BEHAVIOURAL DISORDERS,M,,0,0,6,20,27,,33,75,32,61,23,
5,(F01-F99),F,,0,0,3,2,6,,2,34,20,26,2,
5,,T,,0,0,9,22,33,,35,109,52,87,25,
6,DISEASES OF THE NERVOUS SYSTEM,M,,42,80,115,171,341,,482,392,208,667,82,
6,(G00-G98),F,,25,55,89,87,115,,173,154,103,395,40,
6,,T,,67,135,204,258,456,,655,546,311,1062,122,
7,DISEASES OF THE EYE AND ADNEXA,M,,0,0,0,0,0,,0,1,0,0,0,
7,(H00-H59),F,,0,0,0,0,0,,0,0,1,0,0,
7,,T,,0,0,0,0,0,,0,1,1,0,0,
8,DISEASES OF THE EAR AND MASTOID,M,,0,0,0,0,0,,1,1,0,0,0,
8,PROCESS (H60-H95),F,,0,0,0,0,0,,0,0,0,0,0,
8,,T,,0,0,0,0,0,,1,1,0,0,0,
9,DISEASES OF THE CIRCULATORY,M,,5,12,460,1232,2499,,5006,6525,3908,8775,767,
9,SYSTEM (I00-I99),F,,3,7,295,521,988,,2092,3298,2348,6646,379,
9,,T,,8,19,755,1753,3487,,7098,9823,6256,15421,1146,
10,DISEASES OF THE RESPIRATORY,M,,34,98,254,597,966,,1862,2443,1424,3339,525,
10,SYSTEM (J00-J98),F,,28,87,207,297,418,,777,1208,658,1842,203,
10,,T,,62,185,461,894,1384,,2639,3651,2082,5181,728,
11,DISEASES OF THE DIGESTIVE SYSTEM,M,,13,44,173,611,1187,,1688,1010,337,531,202,
11,(K00-K92),F,,12,25,120,112,155,,330,225,101,313,39,
11,,T,,25,69,293,723,1342,,2018,1235,438,844,241,
12,DISEASES OF THE SKIN AND,M,,0,3,1,7,26,,58,64,29,67,24,
12,SUBCUTANEOUS TISSUE (L00-L98),F,,0,1,3,7,7,,13,40,11,38,9,
12,,T,,0,4,4,14,33,,71,104,40,105,33,
13,DISEASES OF THE MUSCULOSKELETAL,M,,0,2,3,3,7,,8,8,6,21,3,
13,SYSTEM AND CONNECTIVE TISSUE,F,,0,1,4,8,6,,1,9,6,20,2,
13,(M00-M99),T,,0,3,7,11,13,,9,17,12,41,5,
14,DISEASES OF THE GENITOURINARY,M,,0,31,114,229,447,,904,1139,677,1470,198,
14,SYSTEM (N00-N99),F,,1,33,81,133,209,,441,558,348,817,79,
14,,T,,1,64,195,362,656,,1345,1697,1025,2287,277,
15,"PREGNANCY, CHILDBIRTH AND THE",F,,0,0,100,117,26,,10,0,0,0,0,
15,PUERPERIUM (O00-O99),T,,0,0,100,117,26,,10,0,0,0,0,
16,CERTAIN CONDITIONS ORIGINATING,M,,0,0,0,0,0,,0,0,0,0,0,
16,IN THE PERINATAL PERIOD (P00-P96),F,,0,0,0,0,0,,0,0,0,0,0,
16,,T,,0,0,0,0,0,,0,0,0,0,0,
17,"CONGENITAL MALFORMATIONS,",M,,178,201,0,0,0,,0,0,0,0,0,
17,DEFORMATIONS AND CHROMOSOMAL,F,,125,125,0,0,0,,0,0,0,0,0,
17,ABNORMALITIES (Q00-Q99),T,,303,326,0,0,0,,0,0,0,0,0,
18,"SYMPTOMS, SIGNS AND ABNORMAL",M,,19,17,45,91,144,,286,334,181,1705,291,
18,CLINICAL  AND LABORATORY FINDINGS,F,,13,8,37,48,93,,196,80,134,1514,165,
18,N.E.C. (R00-R99),T,,32,25,82,139,237,,482,414,315,3219,456,
19,"INJURY, POISONING AND CERTAIN OTHER",M,,47,106,654,1117,974,,947,708,271,432,31,
19,CONSEQUENCES OF EXTERNAL,F,,37,82,298,326,264,,277,250,117,292,9,
19,CAUSES (S00-T98),T,,84,188,952,1443,1238,,1224,958,388,724,40,
20,Codes for Special Purposes,M,,6,12,75,294,856,,1785,2775,1680,3350,405,
20,(U00-U49),F,,7,6,50,99,277,,650,1099,634,1258,143,
20,,T,,13,18,125,393,1133,,2435,3874,2314,4608,548,
,,M,,484,931,2470,5467,9838,,16998,20478,11689,26139,3222,
,A L L  C A U S E S,F,,388,684,1746,2513,3974,,7425,10150,6278,17296,1435,
total,,t,,872,1615,4216,7980,13812,0,24423,30628,17967,43435,4657,
MAHARASHTRA,,,,,,,,,,,,,,,
"Group
No.",CA U S E  O F   D E A T H,Sex,<1,1-4,5-14,15-24,25-34,35-44,,45-54,55-64,65-69,70+,N.S.,
1,2,3,4,5,6,7,8,9,,10,11,12,13,14,
1,CERTAIN INFECTIOUS AND PARASITIC,M,267,107,230,630,1221,1766,,2105,2062,1014,2332,118,
1,DISEASES (A00-B99),F,167,76,245,718,643,828,,932,902,532,1470,37,
1,,T,434,183,475,1348,1864,2594,,3037,2964,1546,3802,155,
2,NEOPLASMS,M,12,54,125,154,224,629,,1762,3178,1862,4363,199,
2,(C00-D48),F,7,33,76,76,152,437,,1259,2915,1610,3146,104,
2,,T,19,87,201,230,376,1066,,3021,6093,3472,7509,303,
3,DISEASES OF BLOOD & BLOOD FORMING,M,21,14,127,171,173,198,,268,281,161,753,21,
3,ORGANS & CERTAIN DISORDERS INVOLVING,F,15,19,91,141,120,133,,151,198,138,683,8,
3,THE IMMUNE MECHANISM (D50-D89),T,36,33,218,312,293,331,,419,479,299,1436,29,
4,"ENDOCRINE, NUTRITIONAL AND METABOLIC",M,89,35,49,58,380,966,,2848,5414,3610,9815,7,
4,DISEASES (E00-E89),F,57,22,23,47,192,445,,1497,3172,2364,7701,19,
4,,T,146,57,72,105,572,1411,,4345,8586,5974,17516,26,
5,MENTAL AND BEHAVIOURAL DISORDERS,M,1,1,16,51,75,148,,158,144,60,236,12,
5,(F01-F99),F,0,1,8,8,13,24,,21,25,19,146,4,
5,,T,1,2,24,59,88,172,,179,169,79,382,16,
6,DISEASES OF THE NERVOUS SYSTEM,M,151,78,181,234,320,488,,567,851,518,1927,43,
6,(G00-G98),F,90,34,92,135,107,145,,230,310,245,1105,25,
6,,T,241,112,273,369,427,633,,797,1161,763,3032,68,
7,DISEASES OF THE EYE AND ADNEXA,M,0,0,0,0,0,0,,2,0,0,2,0,
7,(H00-H59),F,0,0,0,0,0,0,,2,1,1,2,0,
7,,T,0,0,0,0,0,0,,4,1,1,4,0,
8,DISEASES OF THE EAR AND MASTOID,M,0,0,1,1,0,1,,0,4,0,6,0,
8,PROCESS (H60-H95),F,0,0,0,1,0,1,,0,0,0,1,0,
8,,T,0,0,1,2,0,2,,0,4,0,7,0,
9,DISEASES OF THE CIRCULATORY,M,21,22,51,187,1062,4535,,8996,12838,7992,25262,98,
9,SYSTEM (I00-I99),F,11,10,18,75,410,1210,,2698,4687,3436,16002,29,
9,,T,32,32,69,262,1472,5745,,11694,17525,11428,41264,127,
10,DISEASES OF THE RESPIRATORY,M,323,136,300,460,654,1048,,1791,2829,1858,5956,25,
10,SYSTEM (J00-J98),F,200,69,106,209,271,441,,792,1451,1025,3949,75,
10,,T,523,205,406,669,925,1489,,2583,4280,2883,9905,100,
11,DISEASES OF THE DIGESTIVE SYSTEM,M,18,20,93,317,1273,2523,,2713,2076,742,1222,123,
11,(K00-K92),F,6,7,48,118,176,233,,331,436,220,723,53,
11,,T,24,27,141,435,1449,2756,,3044,2512,962,1945,176,
12,DISEASES OF THE SKIN AND,M,7,1,6,10,22,53,,70,89,59,210,35,
12,SUBCUTANEOUS TISSUE (L00-L98),F,2,1,2,7,11,19,,28,45,39,202,6,
12,,T,9,2,8,17,33,72,,98,134,98,412,41,
13,DISEASES OF THE MUSCULOSKELETAL,M,3,0,7,33,32,55,,71,89,58,302,11,
13,SYSTEM AND CONNECTIVE TISSUE,F,0,0,6,37,40,76,,97,122,85,347,14,
13,(M00-M99),T,3,0,13,70,72,131,,168,211,143,649,25,
14,DISEASES OF THE GENITOURINARY,M,4,15,82,161,243,379,,565,879,515,1803,46,
14,SYSTEM (N00-N99),F,4,10,36,55,118,183,,310,392,289,1134,12,
14,,T,8,25,118,216,361,562,,875,1271,804,2937,58,
15,"PREGNANCY, CHILDBIRTH AND THE",F,0,0,0,145,227,91,,3,0,0,0,0,
15,PUERPERIUM (O00-O99),T,0,0,0,145,227,91,,3,0,0,0,0,
16,CERTAIN CONDITIONS ORIGINATING,M,5156,1,0,0,0,0,,0,0,0,0,0,
16,IN THE PERINATAL PERIOD (P00-P96),F,3091,0,0,0,0,0,,0,0,0,0,0,
16,,T,8247,1,0,0,0,0,,0,0,0,0,0,
17,"CONGENITAL MALFORMATIONS,",M,845,51,29,34,18,24,,31,19,6,23,35,
17,DEFORMATIONS AND CHROMOSOMAL,F,568,25,22,31,20,18,,19,13,4,6,13,
17,ABNORMALITIES (Q00-Q99),T,1413,76,51,65,38,42,,50,32,10,29,48,
18,"SYMPTOMS, SIGNS AND ABNORMAL",M,186,194,744,1116,1662,1990,,1580,2723,1873,8199,39,
18,CLINICAL  AND LABORATORY FINDINGS,F,175,127,256,430,485,439,,553,918,828,6104,6,
18,N.E.C. (R00-R99),T,361,321,1000,1546,2147,2429,,2133,3641,2701,14303,45,
19,"INJURY, POISONING AND CERTAIN OTHER",M,64,79,277,1946,2667,2363,,1864,1457,561,1298,461,
19,CONSEQUENCES OF EXTERNAL,F,4,12,35,135,135,107,,92,100,65,288,63,
19,CAUSES (S00-T98),T,68,91,312,2081,2802,2470,,1956,1557,626,1586,524,
20,Codes for Special Purposes,M,52,14,76,272,1057,2751,,6848,10920,6412,14134,2275,
20,(U00-U49),F,25,12,42,172,365,893,,2323,4124,2535,5425,485,
20,,T,77,26,118,444,1422,3644,,9171,15044,8947,19559,2760,
,,M,7220,822,2394,5835,11083,19917,,32239,45853,27301,77843,3548,
,A L L  C A U S E S,F,4422,458,1106,2540,3485,5723,,11338,19811,13435,48434,953,
total,,T,11642,1280,3500,8375,14568,25640,,43577,65664,40736,126277,4501,
MANIPUR,,,,,,,,,,,,,,,
Group No.,CA U S E  O F   D E A T H,Sex,<1,1-4      5-14     15-24,,,25-34    35-44,,,45-54,55-64,65-69,70+,N.S.    TOTAL,
1,2,3,4,5            6            7,,,8            9,,,10,11,12,13,14          15,
1,CERTAIN INFECTIOUS AND PARASITIC,M,2,0,,,12,,20,22,16,7,21,0,107
1,DISEASES (A00-B99),F,6,0,,,10,,3,11,8,1,4,0,53
1,,T,8,0,,,22,,23,33,24,8,25,0,160
2,NEOPLASMS,M,0,0,,,0,,6,9,16,5,9,0,47
2,(C00-D48),F,0,0,,,5,,6,9,8,5,7,0,41
2,,T,0,0,,,5,,12,18,24,10,16,0,88
3,DISEASES OF BLOOD & BLOOD FORMING,M,2,0,,,2,,1,1,2,2,5,0,19
3,ORGANS & CERTAIN DISORDERS INVOLVING,F,2,0,,,3,,0,2,3,1,3,0,17
3,THE IMMUNE MECHANISM (D50-D89),T,4,0,,,5,,1,3,5,3,8,0,36
4,"ENDOCRINE, NUTRITIONAL AND METABOLIC",M,0,0,,,0,,5,20,33,7,22,0,88
4,DISEASES (E00-E89),F,2,0,,,3,,6,12,17,14,24,0,78
4,,T,2,0,,,3,,11,32,50,21,46,0,166
5,MENTAL AND BEHAVIOURAL DISORDERS,M,0,0,,,0,,1,0,1,0,0,0,2
5,(F01-F99),F,0,0,,,0,,0,0,0,0,0,0,0
5,,T,0,0,,,0,,1,0,1,0,0,0,2
6,DISEASES OF THE NERVOUS SYSTEM,M,2,0,,,3,,2,2,4,0,2,0,21
6,(G00-G98),F,6,0,,,0,,3,2,2,4,0,0,17
6,,T,8,0,,,3,,5,4,6,4,2,0,38
7,DISEASES OF THE EYE AND ADNEXA,M,0,0,,,0,,0,0,0,0,0,0,0
7,(H00-H59),F,0,0,,,0,,0,0,0,0,0,0,0
7,,T,0,0,,,0,,0,0,0,0,0,0,0
8,DISEASES OF THE EAR AND MASTOID,M,0,0,,,0,,0,0,0,0,0,0,0
8,PROCESS (H60-H95),F,0,0,,,0,,0,0,0,0,0,0,0
8,,T,0,0,,,0,,0,0,0,0,0,0,0
9,DISEASES OF THE CIRCULATORY,M,10,1,,,13,,20,42,44,38,87,0,264
9,SYSTEM (I00-I99),F,3,0,,,8,,10,18,23,10,40,0,114
9,,T,13,1,,,21,,30,60,67,48,127,0,378
10,DISEASES OF THE RESPIRATORY,M,6,2,,,8,,9,25,17,14,44,1,133
10,SYSTEM (J00-J98),F,12,0,,,4,,1,4,8,4,26,0,60
10,,T,18,2,,,12,,10,29,25,18,70,1,193
11,DISEASES OF THE DIGESTIVE SYSTEM,M,0,0,,,18,,51,70,51,14,10,1,219
11,(K00-K92),F,0,0,,,5,,5,11,14,2,8,0,45
11,,T,0,0,,,23,,56,81,65,16,18,1,264
12,DISEASES OF THE SKIN AND,M,0,0,,,0,,0,0,0,0,0,0,0
12,SUBCUTANEOUS TISSUE (L00-L98),F,0,0,,,0,,0,0,0,0,1,0,1
12,,T,0,0,,,0,,0,0,0,0,1,0,1
13,DISEASES OF THE MUSCULOSKELETAL,M,0,0,,,0,,0,1,1,0,0,0,2
13,SYSTEM AND CONNECTIVE TISSUE,F,0,0,,,1,,2,0,0,0,1,0,5
13,(M00-M99),T,0,0,,,1,,2,1,1,0,1,0,7
14,DISEASES OF THE GENITOURINARY,M,0,0,,,1,,8,8,14,5,14,0,56
14,SYSTEM (N00-N99),F,1,0,,,3,,2,5,4,2,4,0,23
14,,T,1,0,,,4,,10,13,18,7,18,0,79
15,"PREGNANCY, CHILDBIRTH AND THE",F,0,0,,,0,,0,0,0,0,0,0,3
15,PUERPERIUM (O00-O99),T,0,0,,,0,,0,0,0,0,0,0,3
16,CERTAIN CONDITIONS ORIGINATING,M,49,0,,,0,,0,0,0,0,0,0,49
16,IN THE PERINATAL PERIOD (P00-P96),F,19,0,,,0,,0,0,0,0,0,0,19
16,,T,68,0,,,0,,0,0,0,0,0,0,68
17,"CONGENITAL MALFORMATIONS,",M,0,0,,,0,,0,0,0,0,0,0,0
17,DEFORMATIONS AND CHROMOSOMAL,F,1,0,,,1,,0,0,0,0,0,0,2
17,ABNORMALITIES (Q00-Q99),T,1,0,,,1,,0,0,0,0,0,0,2
18,"SYMPTOMS, SIGNS AND ABNORMAL",M,6,4,,,22,,42,60,46,22,38,0,261
18,CLINICAL  AND LABORATORY FINDINGS,F,13,0,,,9,,10,11,19,9,13,0,92
18,N.E.C. (R00-R99),T,19,4,,,31,,52,71,65,31,51,0,353
19,"INJURY, POISONING AND CERTAIN OTHER",M,0,1,,,16,,7,12,4,2,6,1,63
19,CONSEQUENCES OF EXTERNAL,F,0,0,,,1,,2,0,1,1,2,0,10
19,CAUSES (S00-T98),T,0,1,,,17,,9,12,5,3,8,1,73
20,Codes for Special Purposes,M,0,0,,,5,,26,40,60,31,86,0,251
20,(U00-U49),F,0,0,,,6,,10,13,29,7,38,0,104
20,,T,0,0,,,11,,36,53,89,38,124,0,355
,,M,77,8,,,100,,198,312,309,147,344,3,1582
,A L L  C A U S E S,F,65,0,,,59,,60,98,136,60,171,0,684
total,,T,142,8,,,159,,258,410,445,207,515,3,2266
MEGHALAYA,,,,,,,,,,,,,,,
"Group
No.",CA U S E  O F   D E A T H,Sex,,1-4      5-14,,15-24,25-34    35-44,,,45-54,55-64,65-69,70+,N.S.    TOTAL,
1,2,3,,5            6,,7,8            9,,,10,11,12,13,14          15,
1,CERTAIN INFECTIOUS AND PARASITIC,M,,9,,26,24,,29,25,27,8,13,7,198
1,DISEASES (A00-B99),F,,10,,16,15,,18,9,10,1,13,2,121
1,,T,,19,,42,39,,47,34,37,9,26,9,319
2,NEOPLASMS,M,,1,,3,7,,37,84,74,25,45,10,289
2,(C00-D48),F,,0,,4,6,,25,45,39,14,29,9,172
2,,T,,1,,7,13,,62,129,113,39,74,19,461
3,DISEASES OF BLOOD & BLOOD FORMING,M,,1,,2,1,,0,3,1,0,0,0,8
3,ORGANS & CERTAIN DISORDERS INVOLVING,F,,0,,5,3,,2,4,4,0,1,1,21
3,THE IMMUNE MECHANISM (D50-D89),T,,1,,7,4,,2,7,5,0,1,1,29
4,"ENDOCRINE, NUTRITIONAL AND METABOLIC",M,,2,,3,5,,13,7,18,6,13,3,73
4,DISEASES (E00-E89),F,,0,,3,1,,2,5,13,8,23,2,58
4,,T,,2,,6,6,,15,12,31,14,36,5,131
5,MENTAL AND BEHAVIOURAL DISORDERS,M,,0,,1,1,,0,1,1,1,0,0,5
5,(F01-F99),F,,0,,0,0,,0,1,1,0,0,0,2
5,,T,,0,,1,1,,0,2,2,1,0,0,7
6,DISEASES OF THE NERVOUS SYSTEM,M,,8,,10,11,,8,4,4,2,10,5,71
6,(G00-G98),F,,3,,5,4,,6,4,4,0,6,0,46
6,,T,,11,,15,15,,14,8,8,2,16,5,117
7,DISEASES OF THE EYE AND ADNEXA,M,,0,,0,0,,0,0,0,0,0,0,0
7,(H00-H59),F,,0,,0,0,,0,0,0,0,0,0,0
7,,T,,0,,0,0,,0,0,0,0,0,0,0
8,DISEASES OF THE EAR AND MASTOID,M,,0,,0,0,,0,0,0,0,0,0,0
8,PROCESS (H60-H95),F,,0,,0,0,,0,0,0,0,0,0,0
8,,T,,0,,0,0,,0,0,0,0,0,0,0
9,DISEASES OF THE CIRCULATORY,M,,2,,11,25,,62,74,103,45,115,26,467
9,SYSTEM (I00-I99),F,,3,,7,16,,29,35,62,23,100,14,299
9,,T,,5,,18,41,,91,109,165,68,215,40,766
10,DISEASES OF THE RESPIRATORY,M,,13,,7,20,,26,22,36,14,58,9,274
10,SYSTEM (J00-J98),F,,10,,8,8,,14,13,21,7,29,8,175
10,,T,,23,,15,28,,40,35,57,21,87,17,449
11,DISEASES OF THE DIGESTIVE SYSTEM,M,,2,,14,53,,97,78,39,10,10,7,315
11,(K00-K92),F,,0,,5,9,,13,17,15,5,10,1,77
11,,T,,2,,19,62,,110,95,54,15,20,8,392
12,DISEASES OF THE SKIN AND,M,,0,,0,1,,1,2,0,0,1,0,5
12,SUBCUTANEOUS TISSUE (L00-L98),F,,0,,0,0,,1,0,0,0,0,0,1
12,,T,,0,,0,1,,2,2,0,0,1,0,6
13,DISEASES OF THE MUSCULOSKELETAL,M,,0,,0,2,,0,0,0,0,2,0,5
13,SYSTEM AND CONNECTIVE TISSUE,F,,1,,3,4,,3,0,0,0,3,0,15
13,(M00-M99),T,,1,,3,6,,3,0,0,0,5,0,20
14,DISEASES OF THE GENITOURINARY,M,,3,,10,9,,11,22,18,5,19,6,109
14,SYSTEM (N00-N99),F,,0,,2,9,,16,12,15,3,24,4,87
14,,T,,3,,12,18,,27,34,33,8,43,10,196
15,"PREGNANCY, CHILDBIRTH AND THE",F,,0,,14,18,,10,1,0,0,0,4,47
15,PUERPERIUM (O00-O99),T,,0,,14,18,,10,1,0,0,0,4,47
16,CERTAIN CONDITIONS ORIGINATING,M,,0,,0,0,,0,0,0,0,0,6,402
16,IN THE PERINATAL PERIOD (P00-P96),F,,0,,0,0,,0,0,0,0,0,0,280
16,,T,,0,,0,0,,0,0,0,0,0,6,682
17,"CONGENITAL MALFORMATIONS,",M,,0,,0,1,,0,0,0,0,0,0,9
17,DEFORMATIONS AND CHROMOSOMAL,F,,1,,1,0,,0,1,0,0,0,0,8
17,ABNORMALITIES (Q00-Q99),T,,1,,1,1,,0,1,0,0,0,0,17
18,"SYMPTOMS, SIGNS AND ABNORMAL",M,,4,,15,30,,19,31,34,16,73,10,252
18,CLINICAL  AND LABORATORY FINDINGS,F,,5,,9,9,,13,13,19,9,99,6,195
18,N.E.C. (R00-R99),T,,9,,24,39,,32,44,53,25,172,16,447
19,"INJURY, POISONING AND CERTAIN OTHER",M,,7,,55,70,,58,34,25,3,12,17,304
19,CONSEQUENCES OF EXTERNAL,F,,9,,30,5,,6,7,3,1,15,2,90
19,CAUSES (S00-T98),T,,16,,85,75,,64,41,28,4,27,19,394
20,Codes for Special Purposes,M,,0,,1,1,,5,10,13,6,17,1,54
20,(U00-U49),F,,0,,1,3,,3,6,8,5,5,0,32
20,,T,,0,,2,4,,8,16,21,11,22,1,86
,,M,,52,,158,261,,366,397,393,141,388,107,2840
,A L L  C A U S E S,F,,42,,113,110,,161,173,214,76,357,53,1726
MIZORAM,,,,,,,,,,,,,,,
Group No.,CA U S E  O F   D E A T H,Sex,<1,1-4      5-14,,15-24,25-34    35-44,,,45-54,55-64,65-69,70+,N.S.    TOTAL,
1,2,3,4,5            6,,7,8            9,,,10,11,12,13,14          15,
1,CERTAIN INFECTIOUS AND PARASITIC,M,29,3,,14,68,,77,45,21,9,30,0,309
1,DISEASES (A00-B99),F,18,10,,20,18,,34,30,19,7,25,0,188
1,,T,47,13,,34,86,,111,75,40,16,55,0,497
2,NEOPLASMS,M,1,5,,4,6,,23,58,85,17,61,2,267
2,(C00-D48),F,1,3,,1,7,,19,30,36,14,44,0,158
2,,T,2,8,,5,13,,42,88,121,31,105,2,425
3,DISEASES OF BLOOD & BLOOD FORMING,M,2,0,,1,2,,2,2,0,0,1,0,12
3,ORGANS & CERTAIN DISORDERS INVOLVING,F,4,0,,0,4,,2,1,0,0,3,0,15
3,THE IMMUNE MECHANISM (D50-D89),T,6,0,,1,6,,4,3,0,0,4,0,27
4,"ENDOCRINE, NUTRITIONAL AND METABOLIC",M,3,0,,4,7,,7,8,5,5,8,0,48
4,DISEASES (E00-E89),F,0,0,,0,3,,5,5,2,5,8,0,28
4,,T,3,0,,4,10,,12,13,7,10,16,0,76
5,MENTAL AND BEHAVIOURAL DISORDERS,M,0,0,,0,2,,3,0,0,0,0,0,5
5,(F01-F99),F,0,0,,0,0,,0,0,0,0,0,0,0
5,,T,0,0,,0,2,,3,0,0,0,0,0,5
6,DISEASES OF THE NERVOUS SYSTEM,M,7,1,,2,4,,8,0,4,1,4,0,31
6,(G00-G98),F,4,1,,3,3,,2,0,3,1,4,0,25
6,,T,11,2,,5,7,,10,0,7,2,8,0,56
7,DISEASES OF THE EYE AND ADNEXA,M,0,0,,0,0,,0,0,1,0,0,0,1
7,(H00-H59),F,0,0,,0,0,,0,0,0,0,0,0,0
7,,T,0,0,,0,0,,0,0,1,0,0,0,1
8,DISEASES OF THE EAR AND MASTOID,M,0,0,,0,0,,0,0,0,0,0,0,0
8,PROCESS (H60-H95),F,0,0,,0,0,,0,0,0,0,0,0,0
8,,T,0,0,,0,0,,0,0,0,0,0,0,0
9,DISEASES OF THE CIRCULATORY,M,11,5,,13,32,,62,49,67,37,121,0,399
9,SYSTEM (I00-I99),F,12,0,,5,14,,15,17,37,14,67,0,183
9,,T,23,5,,18,46,,77,66,104,51,188,0,582
10,DISEASES OF THE RESPIRATORY,M,29,5,,15,19,,28,34,25,25,92,0,274
10,SYSTEM (J00-J98),F,34,2,,7,9,,10,11,19,11,85,0,196
10,,T,63,7,,22,28,,38,45,44,36,177,0,470
11,DISEASES OF THE DIGESTIVE SYSTEM,M,9,1,,13,61,,137,130,44,15,24,0,434
11,(K00-K92),F,3,0,,4,18,,34,29,19,4,11,0,124
11,,T,12,1,,17,79,,171,159,63,19,35,0,558
12,DISEASES OF THE SKIN AND,M,0,0,,0,0,,1,0,1,0,0,0,2
12,SUBCUTANEOUS TISSUE (L00-L98),F,0,0,,0,0,,0,0,0,0,0,0,0
12,,T,0,0,,0,0,,1,0,1,0,0,0,2
13,DISEASES OF THE MUSCULOSKELETAL,M,0,0,,0,0,,0,0,0,0,0,0,0
13,SYSTEM AND CONNECTIVE TISSUE,F,0,0,,2,2,,1,2,0,0,1,0,8
13,(M00-M99),T,0,0,,2,2,,1,2,0,0,1,0,8
14,DISEASES OF THE GENITOURINARY,M,2,0,,5,9,,13,19,15,6,19,0,89
14,SYSTEM (N00-N99),F,1,0,,3,3,,10,12,10,9,9,0,59
14,,T,3,0,,8,12,,23,31,25,15,28,0,148
15,"PREGNANCY, CHILDBIRTH AND THE",F,0,0,,0,6,,2,0,0,0,0,0,8
15,PUERPERIUM (O00-O99),T,0,0,,0,6,,2,0,0,0,0,0,8
16,CERTAIN CONDITIONS ORIGINATING,M,75,0,,0,0,,0,0,0,0,0,1,76
16,IN THE PERINATAL PERIOD (P00-P96),F,64,0,,0,0,,0,0,0,0,0,0,64
16,,T,139,0,,0,0,,0,0,0,0,0,1,140
17,"CONGENITAL MALFORMATIONS,",M,12,4,,0,0,,0,1,0,0,0,0,17
17,DEFORMATIONS AND CHROMOSOMAL,F,6,0,,0,0,,1,1,0,0,0,0,8
17,ABNORMALITIES (Q00-Q99),T,18,4,,0,0,,1,2,0,0,0,0,25
18,"SYMPTOMS, SIGNS AND ABNORMAL",M,13,3,,4,12,,17,12,17,11,24,0,116
18,CLINICAL  AND LABORATORY FINDINGS,F,12,4,,6,7,,9,8,7,3,14,0,70
18,N.E.C. (R00-R99),T,25,7,,10,19,,26,20,24,14,38,0,186
19,"INJURY, POISONING AND CERTAIN OTHER",M,3,2,,9,15,,14,14,8,4,9,0,80
19,CONSEQUENCES OF EXTERNAL,F,2,2,,1,0,,4,8,6,0,4,0,27
19,CAUSES (S00-T98),T,5,4,,10,15,,18,22,14,4,13,0,107
20,Codes for Special Purposes,M,0,0,,0,0,,3,0,0,1,3,0,7
20,(U00-U49),F,0,0,,0,0,,0,0,0,0,1,0,1
20,,T,0,0,,0,0,,3,0,0,1,4,0,8
,,M,196,29,,84,237,,395,372,293,131,396,3,2167
,A L L  C A U S E S,F,161,22,,52,94,,148,154,158,68,276,0,1162
total,,T,357,51,,136,331,,543,526,451,199,672,3,3329
NAGALAND,,,,,,,,,,,,,,,
"Group
No.",CA U S E  O F   D E A T H,Sex,,1-4      5-14     15-24,,,25-34    35-44,,,45-54,55-64,65-69,70+,N.S.    TOTAL,
1,2,3,,5            6            7,,,8            9,,,10,11,12,13,14          15,
1,CERTAIN INFECTIOUS AND PARASITIC,M,,0,,,1,,3,1,1,0,0,1,12
1,DISEASES (A00-B99),F,,2,,,1,,1,0,1,2,0,0,8
1,,T,,2,,,2,,4,1,2,2,0,1,20
2,NEOPLASMS,M,,0,,,1,,1,3,2,2,1,1,12
2,(C00-D48),F,,0,,,0,,1,2,1,1,1,0,6
2,,T,,0,,,1,,2,5,3,3,2,1,18
3,DISEASES OF BLOOD & BLOOD FORMING,M,,1,,,1,,2,0,0,1,0,1,8
3,ORGANS & CERTAIN DISORDERS INVOLVING,F,,1,,,0,,1,1,0,0,0,0,4
3,THE IMMUNE MECHANISM (D50-D89),T,,2,,,1,,3,1,0,1,0,1,12
4,"ENDOCRINE, NUTRITIONAL AND METABOLIC",M,,0,,,0,,0,2,2,3,1,1,9
4,DISEASES (E00-E89),F,,0,,,0,,0,2,1,1,0,1,5
4,,T,,0,,,0,,0,4,3,4,1,2,14
5,MENTAL AND BEHAVIOURAL DISORDERS,M,,0,,,0,,0,0,0,0,0,0,0
5,(F01-F99),F,,0,,,0,,0,0,0,0,0,0,0
5,,T,,0,,,0,,0,0,0,0,0,0,0
6,DISEASES OF THE NERVOUS SYSTEM,M,,0,,,1,,0,1,3,4,2,2,14
6,(G00-G98),F,,0,,,1,,0,1,0,3,4,0,9
6,,T,,0,,,2,,0,2,3,7,6,2,23
7,DISEASES OF THE EYE AND ADNEXA,M,,0,,,0,,0,0,0,0,0,0,0
7,(H00-H59),F,,0,,,0,,0,0,0,0,0,0,0
7,,T,,0,,,0,,0,0,0,0,0,0,0
8,DISEASES OF THE EAR AND MASTOID,M,,0,,,0,,0,0,0,0,0,0,0
8,PROCESS (H60-H95),F,,0,,,0,,0,0,0,0,0,0,0
8,,T,,0,,,0,,0,0,0,0,0,0,0
9,DISEASES OF THE CIRCULATORY,M,,1,,,0,,2,3,2,6,2,1,18
9,SYSTEM (I00-I99),F,,1,,,0,,0,1,3,1,3,2,11
9,,T,,2,,,0,,2,4,5,7,5,3,29
10,DISEASES OF THE RESPIRATORY,M,,2,,,0,,0,0,0,1,2,1,11
10,SYSTEM (J00-J98),F,,3,,,0,,0,0,0,0,2,0,8
10,,T,,5,,,0,,0,0,0,1,4,1,19
11,DISEASES OF THE DIGESTIVE SYSTEM,M,,0,,,1,,2,1,3,1,0,0,9
11,(K00-K92),F,,0,,,1,,1,2,0,2,0,0,6
11,,T,,0,,,2,,3,3,3,3,0,0,15
12,DISEASES OF THE SKIN AND,M,,0,,,0,,0,0,0,0,0,0,0
12,SUBCUTANEOUS TISSUE (L00-L98),F,,0,,,0,,0,0,0,0,0,0,0
12,,T,,0,,,0,,0,0,0,0,0,0,0
13,DISEASES OF THE MUSCULOSKELETAL,M,,0,,,0,,0,0,0,0,0,0,0
13,SYSTEM AND CONNECTIVE TISSUE,F,,0,,,0,,0,0,0,0,0,0,0
13,(M00-M99),T,,0,,,0,,0,0,0,0,0,0,0
14,DISEASES OF THE GENITOURINARY,M,,0,,,0,,0,1,3,1,2,0,7
14,SYSTEM (N00-N99),F,,0,,,0,,1,1,2,0,0,0,4
14,,T,,0,,,0,,1,2,5,1,2,0,11
15,"PREGNANCY, CHILDBIRTH AND THE",F,,0,,,0,,0,0,0,0,0,0,0
15,PUERPERIUM (O00-O99),T,,0,,,0,,0,0,0,0,0,0,0
16,CERTAIN CONDITIONS ORIGINATING,M,,0,,,0,,0,0,0,0,0,0,1
16,IN THE PERINATAL PERIOD (P00-P96),F,,0,,,0,,0,0,0,0,0,0,1
16,,T,,0,,,0,,0,0,0,0,0,0,2
17,"CONGENITAL MALFORMATIONS,",M,,0,,,0,,0,0,0,0,0,0,0
17,DEFORMATIONS AND CHROMOSOMAL,F,,0,,,0,,0,0,0,0,0,0,0
17,ABNORMALITIES (Q00-Q99),T,,0,,,0,,0,0,0,0,0,0,0
18,"SYMPTOMS, SIGNS AND ABNORMAL",M,,0,,,0,,0,0,0,0,0,0,0
18,CLINICAL  AND LABORATORY FINDINGS,F,,0,,,0,,0,0,0,0,0,0,0
18,N.E.C. (R00-R99),T,,0,,,0,,0,0,0,0,0,0,0
19,"INJURY, POISONING AND CERTAIN OTHER",M,,2,,,0,,0,1,0,2,1,1,10
19,CONSEQUENCES OF EXTERNAL,F,,1,,,0,,0,1,0,1,2,0,8
19,CAUSES (S00-T98),T,,3,,,0,,0,2,0,3,3,1,18
20,Codes for Special Purposes,M,,0,,,0,,2,1,1,1,3,0,8
20,(U00-U49),F,,0,,,0,,1,1,0,0,0,0,2
20,,T,,0,,,0,,3,2,1,1,3,0,10
,,M,,6,,,5,,12,14,17,22,14,9,119
,A L L  C A U S E S,F,,8,,,3,,6,12,8,11,12,3,72
total,,T,,14,,,8,,18,26,25,33,26,12,191
ODISHA,,,,,,,,,,,,,,,
"Group
No.",CA U S E  O F   D E A T H,Sex,,1-4,5-14,15-24,25-34    35-44,,,45-54,55-64,65-69,70+,N.S.    TOTAL,
1,2,3,,5,6,7,8            9,,,10,11,12,13,14          15,
1,CERTAIN INFECTIOUS AND PARASITIC,M,,83,74,158,228,,316,505,476,164,374,0,2378
1,DISEASES (A00-B99),F,,43,63,167,155,,167,256,255,114,205,0,1425
1,,T,,126,137,325,383,,483,761,731,278,579,0,3803
2,NEOPLASMS,M,,22,47,62,83,,125,259,264,96,163,0,1122
2,(C00-D48),F,,12,30,62,70,,148,265,196,59,92,0,936
2,,T,,34,77,124,153,,273,524,460,155,255,0,2058
3,DISEASES OF BLOOD & BLOOD FORMING,M,,41,60,132,84,,103,162,115,34,106,0,837
3,ORGANS & CERTAIN DISORDERS INVOLVING,F,,24,72,179,157,,103,128,117,44,81,0,905
3,THE IMMUNE MECHANISM (D50-D89),T,,65,132,311,241,,206,290,232,78,187,0,1742
4,"ENDOCRINE, NUTRITIONAL AND METABOLIC",M,,11,13,32,67,,171,373,496,215,457,0,1835
4,DISEASES (E00-E89),F,,8,15,30,56,,82,212,278,122,242,0,1045
4,,T,,19,28,62,123,,253,585,774,337,699,0,2880
5,MENTAL AND BEHAVIOURAL DISORDERS,M,,4,2,28,35,,70,122,115,35,54,0,465
5,(F01-F99),F,,4,4,30,25,,39,45,44,9,23,0,223
5,,T,,8,6,58,60,,109,167,159,44,77,0,688
6,DISEASES OF THE NERVOUS SYSTEM,M,,68,80,73,94,,140,182,181,63,169,0,1050
6,(G00-G98),F,,52,57,67,44,,55,117,105,30,93,0,620
6,,T,,120,137,140,138,,195,299,286,93,262,0,1670
7,DISEASES OF THE EYE AND ADNEXA,M,,1,1,0,0,,0,0,0,0,0,0,2
7,(H00-H59),F,,0,0,0,0,,0,0,1,0,0,0,1
7,,T,,1,1,0,0,,0,0,1,0,0,0,3
8,DISEASES OF THE EAR AND MASTOID,M,,0,0,0,0,,0,1,0,1,0,0,2
8,PROCESS (H60-H95),F,,0,0,0,0,,1,0,0,0,0,0,1
8,,T,,0,0,0,0,,1,1,0,1,0,0,3
9,DISEASES OF THE CIRCULATORY,M,,39,49,124,301,,569,1553,1990,935,2272,0,7832
9,SYSTEM (I00-I99),F,,31,45,143,203,,352,887,1209,539,1446,0,4855
9,,T,,70,94,267,504,,921,2440,3199,1474,3718,0,12687
10,DISEASES OF THE RESPIRATORY,M,,75,55,125,237,,408,955,1171,506,1400,0,4932
10,SYSTEM (J00-J98),F,,63,52,116,139,,211,428,531,219,575,0,2334
10,,T,,138,107,241,376,,619,1383,1702,725,1975,0,7266
11,DISEASES OF THE DIGESTIVE SYSTEM,M,,20,26,75,236,,425,573,407,96,223,0,2081
11,(K00-K92),F,,16,12,38,45,,77,147,124,43,99,0,601
11,,T,,36,38,113,281,,502,720,531,139,322,0,2682
12,DISEASES OF THE SKIN AND,M,,0,0,5,2,,13,15,23,7,29,0,94
12,SUBCUTANEOUS TISSUE (L00-L98),F,,0,0,4,4,,6,10,18,5,18,0,65
12,,T,,0,0,9,6,,19,25,41,12,47,0,159
13,DISEASES OF THE MUSCULOSKELETAL,M,,0,1,3,5,,6,8,11,3,4,0,41
13,SYSTEM AND CONNECTIVE TISSUE,F,,0,4,15,14,,17,5,8,1,4,0,68
13,(M00-M99),T,,0,5,18,19,,23,13,19,4,8,0,109
14,DISEASES OF THE GENITOURINARY,M,,6,22,73,179,,367,671,819,273,546,0,2956
14,SYSTEM (N00-N99),F,,12,23,64,97,,151,274,311,129,219,0,1280
14,,T,,18,45,137,276,,518,945,1130,402,765,0,4236
15,"PREGNANCY, CHILDBIRTH AND THE",F,,0,0,89,107,,13,6,0,0,0,0,215
15,PUERPERIUM (O00-O99),T,,0,0,89,107,,13,6,0,0,0,0,215
16,CERTAIN CONDITIONS ORIGINATING,M,,0,0,0,0,,0,0,0,0,0,0,4655
16,IN THE PERINATAL PERIOD (P00-P96),F,,0,0,0,0,,0,0,0,0,0,0,3050
16,,T,,0,0,0,0,,0,0,0,0,0,0,7705
17,"CONGENITAL MALFORMATIONS,",M,,12,6,5,4,,5,21,15,9,46,0,123
17,DEFORMATIONS AND CHROMOSOMAL,F,,14,4,5,3,,2,9,13,6,15,0,71
17,ABNORMALITIES (Q00-Q99),T,,26,10,10,7,,7,30,28,15,61,0,194
18,"SYMPTOMS, SIGNS AND ABNORMAL",M,,75,85,360,506,,534,901,883,320,751,0,4423
18,CLINICAL  AND LABORATORY FINDINGS,F,,51,64,290,287,,269,471,440,182,407,0,2466
18,N.E.C. (R00-R99),T,,126,149,650,793,,803,1372,1323,502,1158,0,6889
19,"INJURY, POISONING AND CERTAIN OTHER",M,,27,47,218,313,,264,331,297,81,142,0,1720
19,CONSEQUENCES OF EXTERNAL,F,,25,42,254,209,,151,180,169,39,87,0,1156
19,CAUSES (S00-T98),T,,52,89,472,522,,415,511,466,120,229,0,2876
20,Codes for Special Purposes,M,,1,3,13,45,,101,232,296,118,274,0,1084
20,(U00-U49),F,,1,2,12,24,,26,75,105,36,66,0,347
20,,T,,2,5,25,69,,127,307,401,154,340,0,1431
,,M,,485,571,1486,2419,,3617,6864,7559,2956,7010,0,37632
,A L L  C A U S E S,F,,356,489,1565,1639,,1870,3515,3924,1577,3672,0,21664
total,,T,,841,1060,3051,4058,,5487,10379,11483,4533,10682,0,59296
PUDUCHERRY,,,,,,,,,,,,,,,
Group No.,CA U S E  O F   D E A T H,Sex,<1,1-4      5-14     15-24,,,25-34    35-44,,,45-54,55-64,65-69,70+,N.S.    TOTAL,
1,2,3,4,5            6            7,,,8            9,,,10,11,12,13,14          15,
1,CERTAIN INFECTIOUS AND PARASITIC,M,8,3,,,64,,98,194,208,72,153,0,830
1,DISEASES (A00-B99),F,9,6,,,40,,45,69,85,34,72,0,395
1,,T,17,9,,,104,,143,263,293,106,225,0,1225
2,NEOPLASMS,M,0,1,,,28,,34,37,68,26,23,0,229
2,(C00-D48),F,0,0,,,5,,16,38,44,16,20,0,145
2,,T,0,1,,,33,,50,75,112,42,43,0,374
3,DISEASES OF BLOOD & BLOOD FORMING,M,0,0,,,0,,2,1,12,2,1,0,20
3,ORGANS & CERTAIN DISORDERS INVOLVING,F,0,0,,,4,,1,4,11,2,2,0,26
3,THE IMMUNE MECHANISM (D50-D89),T,0,0,,,4,,3,5,23,4,3,0,46
4,"ENDOCRINE, NUTRITIONAL AND METABOLIC",M,2,2,,,12,,19,51,79,31,39,0,237
4,DISEASES (E00-E89),F,2,1,,,3,,31,19,45,27,59,0,191
4,,T,4,3,,,15,,50,70,124,58,98,0,428
5,MENTAL AND BEHAVIOURAL DISORDERS,M,0,0,,,0,,2,2,8,0,1,0,18
5,(F01-F99),F,0,0,,,1,,0,0,0,0,0,0,1
5,,T,0,0,,,1,,2,2,8,0,1,0,19
6,DISEASES OF THE NERVOUS SYSTEM,M,0,1,,,5,,4,3,1,4,5,0,25
6,(G00-G98),F,0,1,,,1,,2,2,3,2,4,0,18
6,,T,0,2,,,6,,6,5,4,6,9,0,43
7,DISEASES OF THE EYE AND ADNEXA,M,0,0,,,0,,0,0,0,0,0,0,0
7,(H00-H59),F,0,0,,,0,,0,0,0,0,0,0,0
7,,T,0,0,,,0,,0,0,0,0,0,0,0
8,DISEASES OF THE EAR AND MASTOID,M,0,0,,,0,,0,0,0,0,0,0,0
8,PROCESS (H60-H95),F,0,0,,,0,,0,0,0,0,0,0,0
8,,T,0,0,,,0,,0,0,0,0,0,0,0
9,DISEASES OF THE CIRCULATORY,M,7,2,,,55,,81,284,377,240,497,0,1585
9,SYSTEM (I00-I99),F,4,2,,,29,,43,116,215,86,536,0,1046
9,,T,11,4,,,84,,124,400,592,326,1033,0,2631
10,DISEASES OF THE RESPIRATORY,M,3,3,,,16,,31,48,68,55,142,0,377
10,SYSTEM (J00-J98),F,2,2,,,10,,13,16,51,17,70,0,190
10,,T,5,5,,,26,,44,64,119,72,212,0,567
11,DISEASES OF THE DIGESTIVE SYSTEM,M,3,0,,,13,,128,60,34,9,57,0,310
11,(K00-K92),F,2,2,,,4,,4,5,7,2,5,0,37
11,,T,5,2,,,17,,132,65,41,11,62,0,347
12,DISEASES OF THE SKIN AND,M,0,0,,,1,,0,0,0,0,0,0,1
12,SUBCUTANEOUS TISSUE (L00-L98),F,0,0,,,0,,0,0,0,0,0,0,0
12,,T,0,0,,,1,,0,0,0,0,0,0,1
13,DISEASES OF THE MUSCULOSKELETAL,M,0,1,,,0,,1,0,2,0,1,0,6
13,SYSTEM AND CONNECTIVE TISSUE,F,0,0,,,1,,0,0,0,0,1,0,2
13,(M00-M99),T,0,1,,,1,,1,0,2,0,2,0,8
14,DISEASES OF THE GENITOURINARY,M,1,1,,,15,,36,128,78,34,51,0,358
14,SYSTEM (N00-N99),F,1,1,,,15,,14,29,37,95,153,0,353
14,,T,2,2,,,30,,50,157,115,129,204,0,711
15,"PREGNANCY, CHILDBIRTH AND THE",F,0,0,,,4,,0,9,0,0,0,0,15
15,PUERPERIUM (O00-O99),T,0,0,,,4,,0,9,0,0,0,0,15
16,CERTAIN CONDITIONS ORIGINATING,M,157,0,,,0,,0,0,0,0,0,0,157
16,IN THE PERINATAL PERIOD (P00-P96),F,123,0,,,0,,0,0,0,0,0,0,123
16,,T,280,0,,,0,,0,0,0,0,0,0,280
17,"CONGENITAL MALFORMATIONS,",M,20,0,,,0,,0,1,0,0,0,0,21
17,DEFORMATIONS AND CHROMOSOMAL,F,11,1,,,0,,1,0,0,0,0,0,14
17,ABNORMALITIES (Q00-Q99),T,31,1,,,0,,1,1,0,0,0,0,35
18,"SYMPTOMS, SIGNS AND ABNORMAL",M,5,4,,,20,,61,66,158,109,716,0,1162
18,CLINICAL  AND LABORATORY FINDINGS,F,8,1,,,7,,12,24,87,99,723,0,973
18,N.E.C. (R00-R99),T,13,5,,,27,,73,90,245,208,1439,0,2135
19,"INJURY, POISONING AND CERTAIN OTHER",M,1,5,,,55,,72,88,54,17,55,0,383
19,CONSEQUENCES OF EXTERNAL,F,1,2,,,24,,30,21,17,7,12,0,155
19,CAUSES (S00-T98),T,2,7,,,79,,102,109,71,24,67,0,538
20,Codes for Special Purposes,M,1,0,,,15,,28,80,172,71,173,0,540
20,(U00-U49),F,0,0,,,3,,15,37,84,69,79,0,288
20,,T,1,0,,,18,,43,117,256,140,252,0,828
,,M,208,23,,,299,,597,1043,1319,670,1914,0,6259
,A L L  C A U S E S,F,163,19,,,151,,227,389,686,456,1736,0,3972
total,,T,371,42,,,450,,824,1432,2005,1126,3650,0,10231
PUNJAB,,,,,,,,,,,,,,,
Group No.,CA U S E  O F   D E A T H,Sex,,1-4,5-14,15-24,25-34    35-44,,,45-54,55-64,65-69,70+,N.S.    TOTAL,
1,2,3,,5,6,7,8            9,,,10,11,12,13,14          15,
1,CERTAIN INFECTIOUS AND PARASITIC,M,,97,60,75,182,,254,356,444,597,304,11,2592
1,DISEASES (A00-B99),F,,42,39,112,98,,135,229,218,299,172,6,1545
1,,T,,139,99,187,280,,389,585,662,896,476,17,4137
2,NEOPLASMS,M,,0,4,15,17,,210,217,191,176,153,2,986
2,(C00-D48),F,,2,2,15,23,,86,164,131,99,69,0,593
2,,T,,2,6,30,40,,296,381,322,275,222,2,1579
3,DISEASES OF BLOOD & BLOOD FORMING,M,,6,5,2,7,,3,40,37,75,6,3,185
3,ORGANS & CERTAIN DISORDERS INVOLVING,F,,3,5,4,4,,6,8,6,3,5,2,46
3,THE IMMUNE MECHANISM (D50-D89),T,,9,10,6,11,,9,48,43,78,11,5,231
4,"ENDOCRINE, NUTRITIONAL AND METABOLIC",M,,4,3,5,23,,37,420,498,418,164,23,1598
4,DISEASES (E00-E89),F,,1,4,7,7,,36,173,350,336,160,20,1096
4,,T,,5,7,12,30,,73,593,848,754,324,43,2694
5,MENTAL AND BEHAVIOURAL DISORDERS,M,,0,0,3,1,,0,4,0,1,5,0,14
5,(F01-F99),F,,0,1,0,0,,1,0,3,2,0,0,7
5,,T,,0,1,3,1,,1,4,3,3,5,0,21
6,DISEASES OF THE NERVOUS SYSTEM,M,,1,4,29,163,,212,356,262,575,64,1,1669
6,(G00-G98),F,,3,1,9,55,,65,129,194,353,35,0,845
6,,T,,4,5,38,218,,277,485,456,928,99,1,2514
7,DISEASES OF THE EYE AND ADNEXA,M,,0,0,0,0,,0,0,0,1,0,1,2
7,(H00-H59),F,,0,0,0,0,,0,0,0,0,0,0,0
7,,T,,0,0,0,0,,0,0,0,1,0,1,2
8,DISEASES OF THE EAR AND MASTOID,M,,0,0,0,0,,0,0,0,0,0,0,0
8,PROCESS (H60-H95),F,,0,0,0,0,,0,0,0,0,0,0,0
8,,T,,0,0,0,0,,0,0,0,0,0,0,0
9,DISEASES OF THE CIRCULATORY,M,,8,11,119,310,,534,1212,1819,2058,1314,61,7460
9,SYSTEM (I00-I99),F,,8,7,52,283,,451,979,1749,1996,1287,49,6870
9,,T,,16,18,171,593,,985,2191,3568,4054,2601,110,14330
10,DISEASES OF THE RESPIRATORY,M,,26,29,46,106,,153,184,223,223,182,70,1292
10,SYSTEM (J00-J98),F,,14,25,47,59,,129,225,262,162,141,15,1132
10,,T,,40,54,93,165,,282,409,485,385,323,85,2424
11,DISEASES OF THE DIGESTIVE SYSTEM,M,,1,10,46,140,,182,246,253,199,139,15,1238
11,(K00-K92),F,,1,6,22,29,,59,109,74,81,50,6,443
11,,T,,2,16,68,169,,241,355,327,280,189,21,1681
12,DISEASES OF THE SKIN AND,M,,0,1,0,0,,1,0,1,2,2,0,7
12,SUBCUTANEOUS TISSUE (L00-L98),F,,0,0,0,2,,0,0,0,0,0,0,2
12,,T,,0,1,0,2,,1,0,1,2,2,0,9
13,DISEASES OF THE MUSCULOSKELETAL,M,,0,0,0,1,,1,1,2,0,1,0,6
13,SYSTEM AND CONNECTIVE TISSUE,F,,0,0,0,2,,1,2,1,0,0,0,6
13,(M00-M99),T,,0,0,0,3,,2,3,3,0,1,0,12
14,DISEASES OF THE GENITOURINARY,M,,2,3,12,15,,38,68,99,101,261,16,615
14,SYSTEM (N00-N99),F,,0,0,14,19,,12,42,70,68,77,11,320
14,,T,,2,3,26,34,,50,110,169,169,338,27,935
15,"PREGNANCY, CHILDBIRTH AND THE",F,,0,0,102,208,,73,0,0,0,0,0,383
15,PUERPERIUM (O00-O99),T,,0,0,102,208,,73,0,0,0,0,0,383
16,CERTAIN CONDITIONS ORIGINATING,M,,0,0,0,0,,0,0,0,0,0,0,487
16,IN THE PERINATAL PERIOD (P00-P96),F,,0,0,0,0,,0,0,0,0,0,0,367
16,,T,,0,0,0,0,,0,0,0,0,0,0,854
17,"CONGENITAL MALFORMATIONS,",M,,0,0,0,0,,2,3,3,3,5,0,26
17,DEFORMATIONS AND CHROMOSOMAL,F,,1,0,1,2,,0,0,2,0,2,0,13
17,ABNORMALITIES (Q00-Q99),T,,1,0,1,2,,2,3,5,3,7,0,39
18,"SYMPTOMS, SIGNS AND ABNORMAL",M,,9,5,7,48,,151,404,382,90,127,7,1247
18,CLINICAL  AND LABORATORY FINDINGS,F,,11,9,13,43,,149,218,143,58,55,5,719
18,N.E.C. (R00-R99),T,,20,14,20,91,,300,622,525,148,182,12,1966
19,"INJURY, POISONING AND CERTAIN OTHER",M,,3,7,65,89,,129,124,92,91,43,16,664
19,CONSEQUENCES OF EXTERNAL,F,,3,11,29,38,,99,84,69,41,46,9,430
19,CAUSES (S00-T98),T,,6,18,94,127,,228,208,161,132,89,25,1094
20,Codes for Special Purposes,M,,1,1,31,68,,269,461,916,752,598,0,3097
20,(U00-U49),F,,0,0,14,20,,73,274,553,402,283,0,1619
20,,T,,1,1,45,88,,342,735,1469,1154,881,0,4716
,,M,,158,143,455,1170,,2176,4096,5222,5362,3368,226,23185
,A L L  C A U S E S,F,,89,110,441,892,,1375,2636,3825,3900,2382,123,16436
total,,T,,247,253,896,2062,,3551,6732,9047,9262,5750,349,39621
RAJASTHAN,,,,,,,,,,,,,,,
"Group
No.",CA U S E  O F   D E A T H,Sex,<1,1-4,5-14,15-24,25-34    35-44,,,45-54,55-64,65-69,70+,N.S.    TOTAL,
1,2,3,4,5,6,7,8            9,,,10,11,12,13,14          15,
1,CERTAIN INFECTIOUS AND PARASITIC,M,298,111,167,261,428,,557,723,566,299,487,0,3897
1,DISEASES (A00-B99),F,263,82,131,257,306,,288,300,294,146,285,0,2352
1,,T,561,193,298,518,734,,845,1023,860,445,772,0,6249
2,NEOPLASMS,M,16,14,33,58,75,,110,218,242,112,166,0,1044
2,(C00-D48),F,21,16,26,22,68,,110,223,188,69,117,0,860
2,,T,37,30,59,80,143,,220,441,430,181,283,0,1904
3,DISEASES OF BLOOD & BLOOD FORMING,M,36,26,24,30,26,,40,43,64,30,45,0,364
3,ORGANS & CERTAIN DISORDERS INVOLVING,F,31,16,20,47,50,,39,41,43,25,37,0,349
3,THE IMMUNE MECHANISM (D50-D89),T,67,42,44,77,76,,79,84,107,55,82,0,713
4,"ENDOCRINE, NUTRITIONAL AND METABOLIC",M,17,6,19,24,57,,78,119,189,91,198,0,798
4,DISEASES (E00-E89),F,17,2,16,33,21,,40,108,122,82,153,0,594
4,,T,34,8,35,57,78,,118,227,311,173,351,0,1392
5,MENTAL AND BEHAVIOURAL DISORDERS,M,6,3,0,4,10,,17,9,17,7,4,0,77
5,(F01-F99),F,3,0,2,3,2,,3,3,2,0,4,0,22
5,,T,9,3,2,7,12,,20,12,19,7,8,0,99
6,DISEASES OF THE NERVOUS SYSTEM,M,92,74,83,54,65,,66,73,90,42,94,0,733
6,(G00-G98),F,80,54,70,40,36,,29,35,52,26,40,0,462
6,,T,172,128,153,94,101,,95,108,142,68,134,0,1195
7,DISEASES OF THE EYE AND ADNEXA,M,5,0,0,0,2,,0,1,2,2,3,0,15
7,(H00-H59),F,2,0,0,1,0,,0,1,2,2,2,0,10
7,,T,7,0,0,1,2,,0,2,4,4,5,0,25
8,DISEASES OF THE EAR AND MASTOID,M,3,0,0,1,1,,2,1,2,1,1,0,12
8,PROCESS (H60-H95),F,1,0,0,1,0,,1,0,0,0,0,0,3
8,,T,4,0,0,2,1,,3,1,2,1,1,0,15
9,DISEASES OF THE CIRCULATORY,M,99,36,97,255,461,,807,1495,2012,1150,2260,0,8672
9,SYSTEM (I00-I99),F,56,37,54,196,282,,343,689,1051,636,1503,0,4847
9,,T,155,73,151,451,743,,1150,2184,3063,1786,3763,0,13519
10,DISEASES OF THE RESPIRATORY,M,461,103,124,326,605,,1004,1897,2709,1476,3051,0,11756
10,SYSTEM (J00-J98),F,326,81,90,269,327,,378,726,1129,617,1426,0,5369
10,,T,787,184,214,595,932,,1382,2623,3838,2093,4477,0,17125
11,DISEASES OF THE DIGESTIVE SYSTEM,M,63,26,35,94,276,,493,514,415,130,209,0,2255
11,(K00-K92),F,30,10,37,78,70,,103,120,120,46,114,0,728
11,,T,93,36,72,172,346,,596,634,535,176,323,0,2983
12,DISEASES OF THE SKIN AND,M,9,0,2,6,7,,8,15,18,12,24,0,101
12,SUBCUTANEOUS TISSUE (L00-L98),F,6,0,0,15,15,,4,6,10,7,18,0,81
12,,T,15,0,2,21,22,,12,21,28,19,42,0,182
13,DISEASES OF THE MUSCULOSKELETAL,M,3,1,3,1,8,,6,10,8,5,7,0,52
13,SYSTEM AND CONNECTIVE TISSUE,F,3,0,3,7,4,,8,5,5,4,3,0,42
13,(M00-M99),T,6,1,6,8,12,,14,15,13,9,10,0,94
14,DISEASES OF THE GENITOURINARY,M,27,10,27,60,102,,135,182,207,89,188,0,1027
14,SYSTEM (N00-N99),F,25,6,14,44,59,,83,104,106,56,109,0,606
14,,T,52,16,41,104,161,,218,286,313,145,297,0,1633
15,"PREGNANCY, CHILDBIRTH AND THE",F,0,0,0,227,145,,17,13,0,0,0,0,402
15,PUERPERIUM (O00-O99),T,0,0,0,227,145,,17,13,0,0,0,0,402
16,CERTAIN CONDITIONS ORIGINATING,M,6837,0,0,0,0,,0,0,0,0,0,0,6837
16,IN THE PERINATAL PERIOD (P00-P96),F,5588,0,0,0,0,,0,0,0,0,0,0,5588
16,,T,12425,0,0,0,0,,0,0,0,0,0,0,12425
17,"CONGENITAL MALFORMATIONS,",M,297,17,11,8,10,,12,11,13,7,9,0,395
17,DEFORMATIONS AND CHROMOSOMAL,F,169,9,8,8,5,,8,9,7,2,12,0,237
17,ABNORMALITIES (Q00-Q99),T,466,26,19,16,15,,20,20,20,9,21,0,632
18,"SYMPTOMS, SIGNS AND ABNORMAL",M,200,65,92,311,426,,484,750,799,395,796,0,4318
18,CLINICAL  AND LABORATORY FINDINGS,F,150,63,115,238,277,,274,420,505,240,607,0,2889
18,N.E.C. (R00-R99),T,350,128,207,549,703,,758,1170,1304,635,1403,0,7207
19,"INJURY, POISONING AND CERTAIN OTHER",M,46,80,124,680,912,,698,617,404,150,212,0,3923
19,CONSEQUENCES OF EXTERNAL,F,26,65,53,384,276,,212,190,150,64,121,0,1541
19,CAUSES (S00-T98),T,72,145,177,1064,1188,,910,807,554,214,333,0,5464
20,Codes for Special Purposes,M,9,1,4,48,77,,193,400,782,471,1063,0,3048
20,(U00-U49),F,1,0,2,30,33,,85,182,336,210,441,0,1320
20,,T,10,1,6,78,110,,278,582,1118,681,1504,0,4368
,,M,8524,573,845,2221,3548,,4710,7078,8539,4469,8817,0,49324
,A L L  C A U S E S,F,6798,441,641,1900,1976,,2025,3175,4122,2232,4992,0,28302
total,,T,15322,1014,1486,4121,5524,,6735,10253,12661,6701,13809,0,77626
SIKKIM,,,,,,,,,,,,,,,
"Group
No.",CA U S E  O F   D E A T H,Sex,<1,1-4      5-14     15-24,,,25-34    35-44,,,45-54,55-64,65-69,70+,N.S.    TOTAL,
1,2,3,4,5            6            7,,,8            9,,,10,11,12,13,14          15,
1,CERTAIN INFECTIOUS AND PARASITIC,M,4,1,,,15,,9,18,14,5,16,0,90
1,DISEASES (A00-B99),F,7,0,,,7,,17,9,3,2,8,0,54
1,,T,11,1,,,22,,26,27,17,7,24,0,144
2,NEOPLASMS,M,0,0,,,1,,3,15,14,11,21,1,67
2,(C00-D48),F,0,0,,,3,,3,12,20,9,9,1,58
2,,T,0,0,,,4,,6,27,34,20,30,2,125
3,DISEASES OF BLOOD & BLOOD FORMING,M,0,0,,,1,,0,2,0,0,2,0,7
3,ORGANS & CERTAIN DISORDERS INVOLVING,F,0,0,,,2,,4,1,1,1,1,0,12
3,THE IMMUNE MECHANISM (D50-D89),T,0,0,,,3,,4,3,1,1,3,0,19
4,"ENDOCRINE, NUTRITIONAL AND METABOLIC",M,2,0,,,1,,8,13,15,5,18,0,62
4,DISEASES (E00-E89),F,0,0,,,4,,6,7,10,9,18,2,57
4,,T,2,0,,,5,,14,20,25,14,36,2,119
5,MENTAL AND BEHAVIOURAL DISORDERS,M,0,0,,,0,,3,2,1,0,0,0,7
5,(F01-F99),F,0,0,,,1,,0,0,0,0,0,0,1
5,,T,0,0,,,1,,3,2,1,0,0,0,8
6,DISEASES OF THE NERVOUS SYSTEM,M,5,4,,,2,,2,3,2,1,1,0,23
6,(G00-G98),F,4,0,,,0,,1,2,2,0,0,0,10
6,,T,9,4,,,2,,3,5,4,1,1,0,33
7,DISEASES OF THE EYE AND ADNEXA,M,0,0,,,0,,0,0,0,0,0,0,0
7,(H00-H59),F,0,0,,,0,,0,0,0,0,0,0,0
7,,T,0,0,,,0,,0,0,0,0,0,0,0
8,DISEASES OF THE EAR AND MASTOID,M,0,0,,,0,,0,0,0,0,0,0,0
8,PROCESS (H60-H95),F,0,0,,,0,,0,0,0,0,0,0,0
8,,T,0,0,,,0,,0,0,0,0,0,0,0
9,DISEASES OF THE CIRCULATORY,M,0,1,,,19,,31,51,49,27,104,4,291
9,SYSTEM (I00-I99),F,1,0,,,10,,24,24,24,12,49,0,151
9,,T,1,1,,,29,,55,75,73,39,153,4,442
10,DISEASES OF THE RESPIRATORY,M,4,1,,,5,,6,7,4,4,16,0,50
10,SYSTEM (J00-J98),F,7,0,,,3,,1,3,7,7,34,1,64
10,,T,11,1,,,8,,7,10,11,11,50,1,114
11,DISEASES OF THE DIGESTIVE SYSTEM,M,0,0,,,13,,40,46,40,13,15,4,172
11,(K00-K92),F,1,0,,,6,,16,26,19,4,9,0,86
11,,T,1,0,,,19,,56,72,59,17,24,4,258
12,DISEASES OF THE SKIN AND,M,0,0,,,0,,1,0,0,0,1,0,2
12,SUBCUTANEOUS TISSUE (L00-L98),F,0,0,,,1,,0,1,0,0,1,0,4
12,,T,0,0,,,1,,1,1,0,0,2,0,6
13,DISEASES OF THE MUSCULOSKELETAL,M,0,0,,,0,,1,0,0,0,0,0,1
13,SYSTEM AND CONNECTIVE TISSUE,F,0,0,,,1,,1,0,1,0,0,0,5
13,(M00-M99),T,0,0,,,1,,2,0,1,0,0,0,6
14,DISEASES OF THE GENITOURINARY,M,1,0,,,5,,3,10,7,1,16,0,46
14,SYSTEM (N00-N99),F,2,0,,,4,,7,11,19,0,5,2,56
14,,T,3,0,,,9,,10,21,26,1,21,2,102
15,"PREGNANCY, CHILDBIRTH AND THE",F,0,0,,,4,,1,0,0,0,0,0,6
15,PUERPERIUM (O00-O99),T,0,0,,,4,,1,0,0,0,0,0,6
16,CERTAIN CONDITIONS ORIGINATING,M,28,0,,,0,,0,0,0,0,0,1,29
16,IN THE PERINATAL PERIOD (P00-P96),F,30,0,,,0,,0,0,0,0,0,0,30
16,,T,58,0,,,0,,0,0,0,0,0,1,59
17,"CONGENITAL MALFORMATIONS,",M,9,1,,,0,,0,0,0,0,0,0,11
17,DEFORMATIONS AND CHROMOSOMAL,F,3,0,,,0,,0,0,0,0,0,0,3
17,ABNORMALITIES (Q00-Q99),T,12,1,,,0,,0,0,0,0,0,0,14
18,"SYMPTOMS, SIGNS AND ABNORMAL",M,1,0,,,3,,3,1,0,0,1,0,9
18,CLINICAL  AND LABORATORY FINDINGS,F,0,0,,,1,,0,0,0,0,0,0,2
18,N.E.C. (R00-R99),T,1,0,,,4,,3,1,0,0,1,0,11
19,"INJURY, POISONING AND CERTAIN OTHER",M,1,2,,,18,,16,19,5,3,3,0,79
19,CONSEQUENCES OF EXTERNAL,F,2,0,,,2,,5,0,2,0,5,0,21
19,CAUSES (S00-T98),T,3,2,,,20,,21,19,7,3,8,0,100
20,Codes for Special Purposes,M,0,0,,,3,,7,6,11,10,18,0,56
20,(U00-U49),F,1,0,,,2,,5,2,6,3,6,0,26
20,,T,1,0,,,5,,12,8,17,13,24,0,82
,,M,55,10,,,86,,133,193,162,80,232,10,1002
,A L L  C A U S E S,F,58,0,,,51,,91,98,114,47,145,6,646
total,,T,113,10,,,137,,224,291,276,127,377,16,1648
TAMIL NADU,,,,,,,,,,,,,,,
"Group
No.",CA U S E  O F   D E A T H,Sex,<1,1-4,5-14,15-24,25-34,35-44,,45-54,55-64,65-69,70+,,TOTAL
1,2,3,4,5,6,7,8,9,,10,11,12,13,,15
1,CERTAIN INFECTIOUS AND PARASITIC,M,228,77,100,228,520,1060,,1632,1895,907,1925,,8717
1,DISEASES (A00-B99),F,190,69,91,246,304,443,,693,972,508,1234,,4828
1,,T,418,146,191,474,824,1503,,2325,2867,1415,3159,,13545
2,NEOPLASMS,M,3,11,36,75,111,336,,787,1074,583,1167,,4199
2,(C00-D48),F,0,13,27,60,111,367,,786,995,420,856,,3645
2,,T,3,24,63,135,222,703,,1573,2069,1003,2023,,7844
3,DISEASES OF BLOOD & BLOOD FORMING,M,8,1,10,18,31,37,,54,80,36,149,,429
3,ORGANS & CERTAIN DISORDERS INVOLVING,F,2,4,10,34,29,46,,61,70,46,149,,453
3,THE IMMUNE MECHANISM (D50-D89),T,10,5,20,52,60,83,,115,150,82,298,,882
4,"ENDOCRINE, NUTRITIONAL AND METABOLIC",M,21,12,17,66,202,642,,1671,2757,1500,3692,,10944
4,DISEASES (E00-E89),F,13,9,20,69,119,296,,1060,1994,1125,2812,,7702
4,,T,34,21,37,135,321,938,,2731,4751,2625,6504,,18646
5,MENTAL AND BEHAVIOURAL DISORDERS,M,0,1,3,15,25,43,,58,53,18,50,,267
5,(F01-F99),F,3,4,2,12,5,7,,15,24,6,29,,107
5,,T,3,5,5,27,30,50,,73,77,24,79,,374
6,DISEASES OF THE NERVOUS SYSTEM,M,25,23,38,83,122,218,,290,366,185,465,,1852
6,(G00-G98),F,24,24,32,67,76,79,,133,180,127,327,,1085
6,,T,49,47,70,150,198,297,,423,546,312,792,,2937
7,DISEASES OF THE EYE AND ADNEXA,M,0,1,0,1,1,7,,6,4,4,14,,38
7,(H00-H59),F,0,0,0,3,2,1,,3,6,0,6,,21
7,,T,0,1,0,4,3,8,,9,10,4,20,,59
8,DISEASES OF THE EAR AND MASTOID,M,0,0,0,1,3,1,,3,7,3,7,,25
8,PROCESS (H60-H95),F,0,0,0,0,1,0,,2,2,5,18,,28
8,,T,0,0,0,1,4,1,,5,9,8,25,,53
9,DISEASES OF THE CIRCULATORY,M,298,78,229,803,2347,5952,,12932,19700,10608,32752,,86113
9,SYSTEM (I00-I99),F,250,104,194,589,1038,2411,,5963,10948,7319,28297,,57340
9,,T,548,182,423,1392,3385,8363,,18895,30648,17927,61049,,143453
10,DISEASES OF THE RESPIRATORY,M,257,67,121,394,788,1478,,2943,4293,2163,5604,,18438
10,SYSTEM (J00-J98),F,252,59,116,327,372,677,,1241,1902,1102,3243,,9440
10,,T,509,126,237,721,1160,2155,,4184,6195,3265,8847,,27878
11,DISEASES OF THE DIGESTIVE SYSTEM,M,11,13,26,92,283,711,,960,888,357,784,,4154
11,(K00-K92),F,9,16,12,74,75,131,,256,311,213,444,,1551
11,,T,20,29,38,166,358,842,,1216,1199,570,1228,,5705
12,DISEASES OF THE SKIN AND,M,1,0,3,1,7,15,,21,26,21,33,,131
12,SUBCUTANEOUS TISSUE (L00-L98),F,2,1,1,1,4,12,,17,18,8,30,,95
12,,T,3,1,4,2,11,27,,38,44,29,63,,226
13,DISEASES OF THE MUSCULOSKELETAL,M,0,1,2,3,2,10,,12,16,12,28,,95
13,SYSTEM AND CONNECTIVE TISSUE,F,1,1,4,3,2,7,,10,19,4,24,,78
13,(M00-M99),T,1,2,6,6,4,17,,22,35,16,52,,173
14,DISEASES OF THE GENITOURINARY,M,10,16,36,137,255,514,,1006,1322,591,1518,,5436
14,SYSTEM (N00-N99),F,13,8,29,77,105,221,,438,679,395,1034,,3013
14,,T,23,24,65,214,360,735,,1444,2001,986,2552,,8449
15,"PREGNANCY, CHILDBIRTH AND THE",F,0,0,0,43,52,17,,1,0,0,0,,117
15,PUERPERIUM (O00-O99),T,0,0,0,43,52,17,,1,0,0,0,,117
16,CERTAIN CONDITIONS ORIGINATING,M,3376,0,0,0,0,0,,0,0,0,0,,3379
16,IN THE PERINATAL PERIOD (P00-P96),F,2337,0,0,0,0,0,,0,0,0,0,,2338
16,,T,5713,0,0,0,0,0,,0,0,0,0,,5717
17,"CONGENITAL MALFORMATIONS,",M,74,4,10,19,26,71,,139,175,83,197,,808
17,DEFORMATIONS AND CHROMOSOMAL,F,59,11,6,18,16,23,,53,86,63,160,,504
17,ABNORMALITIES (Q00-Q99),T,133,15,16,37,42,94,,192,261,146,357,,1312
18,"SYMPTOMS, SIGNS AND ABNORMAL",M,202,87,118,378,629,1303,,2538,3694,2099,12450,,23661
18,CLINICAL  AND LABORATORY FINDINGS,F,151,67,98,241,334,553,,1194,2160,1479,11491,,17871
18,N.E.C. (R00-R99),T,353,154,216,619,963,1856,,3732,5854,3578,23941,,41532
19,"INJURY, POISONING AND CERTAIN OTHER",M,12,30,76,581,963,992,,1007,937,404,712,,5738
19,CONSEQUENCES OF EXTERNAL,F,14,18,64,479,380,338,,353,321,154,435,,2561
19,CAUSES (S00-T98),T,26,48,140,1060,1343,1330,,1360,1258,558,1147,,8299
20,Codes for Special Purposes,M,4,4,11,28,124,345,,891,1629,894,2151,,6194
20,(U00-U49),F,2,1,6,37,62,130,,352,530,308,664,,2144
20,,T,6,5,17,65,186,475,,1243,2159,1202,2815,,8338
,,M,4530,426,836,2923,6439,13735,,26950,38916,20468,63698,,180618
,A L L  C A U S E S,F,3322,409,712,2380,3087,5759,,12631,21217,13282,51253,,114921
total,,T,7852,835,1548,5303,9526,19494,,39581,60133,33750,114951,,295539
TELANGANA,,,,,,,,,,,,,,,
"Group
No.",CA U S E  O F   D E A T H,Sex,,1-4      5-14,,15-24,25-34    35-44,,,45-54,55-64,65-69,70+,N.S.    TOTAL,
1,2,3,,5            6,,7,8            9,,,10,11,12,13,14          15,
1,CERTAIN INFECTIOUS AND PARASITIC,M,,0,,65,172,,291,475,645,300,660,0,2623
1,DISEASES (A00-B99),F,,1,,54,79,,140,297,417,200,471,0,1679
1,,T,,1,,119,251,,431,772,1062,500,1131,0,4302
2,NEOPLASMS,M,,0,,240,521,,907,1454,1714,878,1792,0,7551
2,(C00-D48),F,,0,,188,218,,381,737,1064,543,1254,0,4443
2,,T,,0,,428,739,,1288,2191,2778,1421,3046,0,11994
3,DISEASES OF BLOOD & BLOOD FORMING,M,,0,,2,9,,10,18,17,10,5,0,72
3,ORGANS & CERTAIN DISORDERS INVOLVING,F,,0,,7,10,,12,5,12,4,8,0,61
3,THE IMMUNE MECHANISM (D50-D89),T,,0,,9,19,,22,23,29,14,13,0,133
4,"ENDOCRINE, NUTRITIONAL AND METABOLIC",M,,0,,1,7,,11,18,41,8,38,0,125
4,DISEASES (E00-E89),F,,0,,0,0,,10,16,27,10,22,0,86
4,,T,,0,,1,7,,21,34,68,18,60,0,211
5,MENTAL AND BEHAVIOURAL DISORDERS,M,,0,,6,9,,13,17,9,6,11,0,71
5,(F01-F99),F,,0,,1,2,,5,4,6,6,7,0,32
5,,T,,0,,7,11,,18,21,15,12,18,0,103
6,DISEASES OF THE NERVOUS SYSTEM,M,,0,,8,14,,25,43,55,28,33,0,206
6,(G00-G98),F,,0,,8,3,,11,22,40,21,36,0,142
6,,T,,0,,16,17,,36,65,95,49,69,0,348
7,DISEASES OF THE EYE AND ADNEXA,M,,0,,0,0,,2,7,11,4,6,0,30
7,(H00-H59),F,,0,,1,0,,0,2,4,2,1,0,10
7,,T,,0,,1,0,,2,9,15,6,7,0,40
8,DISEASES OF THE EAR AND MASTOID,M,,0,,0,1,,1,0,1,0,0,0,3
8,PROCESS (H60-H95),F,,0,,0,1,,0,0,0,0,0,0,1
8,,T,,0,,0,2,,1,0,1,0,0,0,4
9,DISEASES OF THE CIRCULATORY,M,,0,,315,859,,1768,2985,4009,1766,3738,0,15509
9,SYSTEM (I00-I99),F,,1,,208,369,,693,1352,2250,1221,2536,0,8696
9,,T,,1,,523,1228,,2461,4337,6259,2987,6274,0,24205
10,DISEASES OF THE RESPIRATORY,M,,1,,41,105,,153,220,408,155,345,0,1439
10,SYSTEM (J00-J98),F,,0,,42,31,,63,104,191,76,188,0,712
10,,T,,1,,83,136,,216,324,599,231,533,0,2151
11,DISEASES OF THE DIGESTIVE SYSTEM,M,,0,,10,33,,60,63,68,14,10,0,258
11,(K00-K92),F,,0,,2,5,,8,6,14,4,9,0,48
11,,T,,0,,12,38,,68,69,82,18,19,0,306
12,DISEASES OF THE SKIN AND,M,,0,,1,5,,12,23,31,15,33,0,120
12,SUBCUTANEOUS TISSUE (L00-L98),F,,0,,2,4,,7,6,27,8,18,0,73
12,,T,,0,,3,9,,19,29,58,23,51,0,193
13,DISEASES OF THE MUSCULOSKELETAL,M,,0,,20,35,,59,100,103,42,102,0,467
13,SYSTEM AND CONNECTIVE TISSUE,F,,0,,9,15,,34,53,71,32,62,0,281
13,(M00-M99),T,,0,,29,50,,93,153,174,74,164,0,748
14,DISEASES OF THE GENITOURINARY,M,,0,,20,49,,94,136,220,67,96,0,684
14,SYSTEM (N00-N99),F,,0,,11,20,,28,64,94,38,57,0,314
14,,T,,0,,31,69,,122,200,314,105,153,0,998
15,"PREGNANCY, CHILDBIRTH AND THE",F,,0,,8,11,,58,116,0,0,0,0,193
15,PUERPERIUM (O00-O99),T,,0,,8,11,,58,116,0,0,0,0,193
16,CERTAIN CONDITIONS ORIGINATING,M,,0,,0,0,,0,0,0,0,0,0,776
16,IN THE PERINATAL PERIOD (P00-P96),F,,0,,0,0,,0,0,0,0,0,0,540
16,,T,,0,,0,0,,0,0,0,0,0,0,1316
17,"CONGENITAL MALFORMATIONS,",M,,0,,14,36,,65,94,72,43,73,0,403
17,DEFORMATIONS AND CHROMOSOMAL,F,,0,,5,5,,10,29,31,21,44,0,149
17,ABNORMALITIES (Q00-Q99),T,,0,,19,41,,75,123,103,64,117,0,552
18,"SYMPTOMS, SIGNS AND ABNORMAL",M,,0,,39,127,,264,404,607,239,449,0,2133
18,CLINICAL  AND LABORATORY FINDINGS,F,,0,,33,46,,91,163,225,114,253,0,929
18,N.E.C. (R00-R99),T,,0,,72,173,,355,567,832,353,702,0,3062
19,"INJURY, POISONING AND CERTAIN OTHER",M,,1,,220,512,,716,920,1087,444,776,0,4698
19,CONSEQUENCES OF EXTERNAL,F,,0,,155,186,,226,377,518,257,441,0,2183
19,CAUSES (S00-T98),T,,1,,375,698,,942,1297,1605,701,1217,0,6881
20,Codes for Special Purposes,M,,7,,42,162,,359,765,1018,417,713,0,3501
20,(U00-U49),F,,5,,52,76,,142,276,458,197,338,0,1555
20,,T,,12,,94,238,,501,1041,1476,614,1051,0,5056
,,M,,9,,1044,2656,,4810,7742,10116,4436,8880,0,40669
,A L L  C A U S E S,F,,7,,786,1081,,1919,3629,5449,2754,5745,0,22127
total,,T,,16,,1830,3737,,6729,11371,15565,7190,14625,0,62796
TRIPURA,,,,,,,,,,,,,,,
Group No.,CA U S E  O F   D E A T H,Sex,,1-4      5-14     15-24,,,25-34    35-44,,,45-54,55-64,65-69,70+,N.S.    TOTAL,
1,2,3,,5            6            7,,,8            9,,,10,11,12,13,14          15,
1,CERTAIN INFECTIOUS AND PARASITIC,M,,7,,,62,,71,131,137,54,151,0,730
1,DISEASES (A00-B99),F,,4,,,36,,48,57,75,43,105,0,485
1,,T,,11,,,98,,119,188,212,97,256,0,1215
2,NEOPLASMS,M,,1,,,7,,25,73,127,53,93,0,390
2,(C00-D48),F,,1,,,8,,26,65,72,23,46,0,248
2,,T,,2,,,15,,51,138,199,76,139,0,638
3,DISEASES OF BLOOD & BLOOD FORMING,M,,1,,,9,,15,14,14,15,40,0,119
3,ORGANS & CERTAIN DISORDERS INVOLVING,F,,1,,,11,,11,13,20,5,39,0,109
3,THE IMMUNE MECHANISM (D50-D89),T,,2,,,20,,26,27,34,20,79,0,228
4,"ENDOCRINE, NUTRITIONAL AND METABOLIC",M,,0,,,8,,22,38,87,41,93,0,291
4,DISEASES (E00-E89),F,,0,,,11,,8,20,33,22,56,0,156
4,,T,,0,,,19,,30,58,120,63,149,0,447
5,MENTAL AND BEHAVIOURAL DISORDERS,M,,0,,,0,,2,2,7,2,12,0,25
5,(F01-F99),F,,0,,,2,,0,2,3,0,8,0,17
5,,T,,0,,,2,,2,4,10,2,20,0,42
6,DISEASES OF THE NERVOUS SYSTEM,M,,2,,,10,,7,13,13,6,21,0,85
6,(G00-G98),F,,0,,,7,,4,4,7,2,11,0,46
6,,T,,2,,,17,,11,17,20,8,32,0,131
7,DISEASES OF THE EYE AND ADNEXA,M,,0,,,1,,0,1,1,0,2,0,5
7,(H00-H59),F,,0,,,0,,0,0,1,0,2,0,4
7,,T,,0,,,1,,0,1,2,0,4,0,9
8,DISEASES OF THE EAR AND MASTOID,M,,0,,,0,,0,0,0,0,0,0,0
8,PROCESS (H60-H95),F,,0,,,0,,0,0,0,0,0,0,0
8,,T,,0,,,0,,0,0,0,0,0,0,0
9,DISEASES OF THE CIRCULATORY,M,,0,,,50,,186,436,677,373,890,0,2679
9,SYSTEM (I00-I99),F,,3,,,44,,82,191,321,239,755,0,1697
9,,T,,3,,,94,,268,627,998,612,1645,0,4376
10,DISEASES OF THE RESPIRATORY,M,,9,,,25,,51,96,138,70,196,0,638
10,SYSTEM (J00-J98),F,,2,,,11,,17,36,66,36,132,0,341
10,,T,,11,,,36,,68,132,204,106,328,0,979
11,DISEASES OF THE DIGESTIVE SYSTEM,M,,1,,,26,,67,94,60,27,25,0,312
11,(K00-K92),F,,0,,,6,,9,21,15,10,19,0,88
11,,T,,1,,,32,,76,115,75,37,44,0,400
12,DISEASES OF THE SKIN AND,M,,0,,,0,,3,4,2,1,3,0,14
12,SUBCUTANEOUS TISSUE (L00-L98),F,,0,,,1,,3,1,3,3,3,0,14
12,,T,,0,,,1,,6,5,5,4,6,0,28
13,DISEASES OF THE MUSCULOSKELETAL,M,,0,,,1,,0,2,6,2,4,0,15
13,SYSTEM AND CONNECTIVE TISSUE,F,,0,,,1,,1,2,2,2,4,0,13
13,(M00-M99),T,,0,,,2,,1,4,8,4,8,0,28
14,DISEASES OF THE GENITOURINARY,M,,1,,,15,,41,111,131,84,139,0,529
14,SYSTEM (N00-N99),F,,1,,,16,,31,58,60,23,84,0,279
14,,T,,2,,,31,,72,169,191,107,223,0,808
15,"PREGNANCY, CHILDBIRTH AND THE",F,,0,,,10,,12,14,0,0,0,0,55
15,PUERPERIUM (O00-O99),T,,0,,,10,,12,14,0,0,0,0,55
16,CERTAIN CONDITIONS ORIGINATING,M,,0,,,0,,0,0,0,0,0,0,258
16,IN THE PERINATAL PERIOD (P00-P96),F,,0,,,0,,0,0,0,0,0,0,182
16,,T,,0,,,0,,0,0,0,0,0,0,440
17,"CONGENITAL MALFORMATIONS,",M,,0,,,0,,1,2,0,1,6,0,15
17,DEFORMATIONS AND CHROMOSOMAL,F,,0,,,0,,0,3,2,0,2,0,13
17,ABNORMALITIES (Q00-Q99),T,,0,,,0,,1,5,2,1,8,0,28
18,"SYMPTOMS, SIGNS AND ABNORMAL",M,,1,,,11,,16,32,45,26,131,0,276
18,CLINICAL  AND LABORATORY FINDINGS,F,,0,,,5,,6,16,26,16,164,0,253
18,N.E.C. (R00-R99),T,,1,,,16,,22,48,71,42,295,0,529
19,"INJURY, POISONING AND CERTAIN OTHER",M,,2,,,73,,70,54,52,10,21,0,346
19,CONSEQUENCES OF EXTERNAL,F,,0,,,40,,17,18,20,9,25,0,168
19,CAUSES (S00-T98),T,,2,,,113,,87,72,72,19,46,0,514
20,Codes for Special Purposes,M,,0,,,6,,22,29,56,32,55,0,203
20,(U00-U49),F,,0,,,2,,10,9,18,5,18,0,62
20,,T,,0,,,8,,32,38,74,37,73,0,265
,,M,,25,,,304,,599,1132,1553,797,1882,0,6930
,A L L  C A U S E S,F,,12,,,211,,285,530,744,438,1473,0,4230
total,,T,,37,,,515,,884,1662,2297,1235,3355,0,11160
UTTARAKHAND,,,,,,,,,,,,,,,
Group No.,CA U S E  O F   D E A T H,Sex,<1,1-4,5-14,15-24,25-34    35-44,,,45-54,55-64,65-69,70+,N.S.    TOTAL,
1,2,3,4,5,6,7,8            9,,,10,11,12,13,14          15,
1,CERTAIN INFECTIOUS AND PARASITIC,M,16,14,16,22,28,,41,56,58,39,81,2,373
1,DISEASES (A00-B99),F,14,10,13,31,18,,30,35,39,30,39,1,260
1,,T,30,24,29,53,46,,71,91,97,69,120,3,633
2,NEOPLASMS,M,0,1,1,2,3,,12,23,46,45,49,0,182
2,(C00-D48),F,1,0,0,4,4,,8,12,21,39,26,0,115
2,,T,1,1,1,6,7,,20,35,67,84,75,0,297
3,DISEASES OF BLOOD & BLOOD FORMING,M,1,1,0,5,6,,5,7,8,12,9,0,54
3,ORGANS & CERTAIN DISORDERS INVOLVING,F,2,3,7,5,6,,7,10,7,9,9,0,65
3,THE IMMUNE MECHANISM (D50-D89),T,3,4,7,10,12,,12,17,15,21,18,0,119
4,"ENDOCRINE, NUTRITIONAL AND METABOLIC",M,6,2,1,13,17,,12,37,60,43,56,5,252
4,DISEASES (E00-E89),F,0,0,0,5,6,,14,28,48,45,47,2,195
4,,T,6,2,1,18,23,,26,65,108,88,103,7,447
5,MENTAL AND BEHAVIOURAL DISORDERS,M,0,0,0,0,2,,3,7,4,1,1,0,18
5,(F01-F99),F,0,0,0,0,0,,0,1,1,0,0,0,2
5,,T,0,0,0,0,2,,3,8,5,1,1,0,20
6,DISEASES OF THE NERVOUS SYSTEM,M,1,3,5,13,11,,6,19,26,7,13,3,107
6,(G00-G98),F,1,1,1,7,6,,9,14,11,7,9,5,71
6,,T,2,4,6,20,17,,15,33,37,14,22,8,178
7,DISEASES OF THE EYE AND ADNEXA,M,0,0,0,0,0,,0,0,0,0,0,0,0
7,(H00-H59),F,0,0,0,0,0,,0,0,0,0,0,0,0
7,,T,0,0,0,0,0,,0,0,0,0,0,0,0
8,DISEASES OF THE EAR AND MASTOID,M,0,0,1,0,0,,0,0,0,0,0,0,1
8,PROCESS (H60-H95),F,0,0,0,0,0,,0,0,0,0,0,0,0
8,,T,0,0,1,0,0,,0,0,0,0,0,0,1
9,DISEASES OF THE CIRCULATORY,M,5,2,3,14,26,,100,186,224,150,241,32,983
9,SYSTEM (I00-I99),F,3,0,0,12,13,,52,117,134,125,166,17,639
9,,T,8,2,3,26,39,,152,303,358,275,407,49,1622
10,DISEASES OF THE RESPIRATORY,M,34,16,6,21,21,,51,84,149,142,214,1,739
10,SYSTEM (J00-J98),F,19,9,10,14,9,,44,71,98,91,120,2,487
10,,T,53,25,16,35,30,,95,155,247,233,334,3,1226
11,DISEASES OF THE DIGESTIVE SYSTEM,M,7,1,3,5,20,,63,62,48,28,37,0,274
11,(K00-K92),F,1,2,4,4,13,,19,35,24,14,28,0,144
11,,T,8,3,7,9,33,,82,97,72,42,65,0,418
12,DISEASES OF THE SKIN AND,M,0,0,0,0,1,,0,1,0,1,3,0,6
12,SUBCUTANEOUS TISSUE (L00-L98),F,0,0,0,0,1,,1,2,0,3,1,0,8
12,,T,0,0,0,0,2,,1,3,0,4,4,0,14
13,DISEASES OF THE MUSCULOSKELETAL,M,0,1,0,1,1,,2,2,0,1,2,0,10
13,SYSTEM AND CONNECTIVE TISSUE,F,0,0,0,1,1,,2,1,2,4,0,0,11
13,(M00-M99),T,0,1,0,2,2,,4,3,2,5,2,0,21
14,DISEASES OF THE GENITOURINARY,M,0,0,0,6,15,,23,64,72,45,64,4,293
14,SYSTEM (N00-N99),F,1,2,2,8,11,,20,38,52,25,51,2,212
14,,T,1,2,2,14,26,,43,102,124,70,115,6,505
15,"PREGNANCY, CHILDBIRTH AND THE",F,0,0,0,4,13,,2,0,0,0,0,0,19
15,PUERPERIUM (O00-O99),T,0,0,0,4,13,,2,0,0,0,0,0,19
16,CERTAIN CONDITIONS ORIGINATING,M,178,0,0,0,0,,0,0,0,0,0,0,178
16,IN THE PERINATAL PERIOD (P00-P96),F,110,0,0,0,0,,0,0,0,0,0,0,110
16,,T,288,0,0,0,0,,0,0,0,0,0,0,288
17,"CONGENITAL MALFORMATIONS,",M,9,0,0,0,0,,0,0,0,0,0,0,9
17,DEFORMATIONS AND CHROMOSOMAL,F,7,0,0,0,1,,0,0,0,0,0,0,8
17,ABNORMALITIES (Q00-Q99),T,16,0,0,0,1,,0,0,0,0,0,0,17
18,"SYMPTOMS, SIGNS AND ABNORMAL",M,14,2,2,12,15,,23,41,43,30,36,1,219
18,CLINICAL  AND LABORATORY FINDINGS,F,8,0,0,12,14,,18,25,38,19,30,0,164
18,N.E.C. (R00-R99),T,22,2,2,24,29,,41,66,81,49,66,1,383
19,"INJURY, POISONING AND CERTAIN OTHER",M,1,4,0,20,22,,16,20,19,3,4,0,109
19,CONSEQUENCES OF EXTERNAL,F,0,0,3,17,9,,10,4,8,3,2,0,56
19,CAUSES (S00-T98),T,1,4,3,37,31,,26,24,27,6,6,0,165
20,Codes for Special Purposes,M,1,1,1,20,22,,44,99,149,83,200,22,642
20,(U00-U49),F,0,1,1,8,18,,27,39,60,39,78,19,290
20,,T,1,2,2,28,40,,71,138,209,122,278,41,932
,,M,273,48,39,154,210,,401,708,906,630,1010,70,4449
,A L L  C A U S E S,F,167,28,41,132,143,,263,432,543,453,606,48,2856
total,,T,440,76,80,286,353,,664,1140,1449,1083,1616,118,7305
UTTAR PRADESH,,,,,,,,,,,,,,,
Group No.,CA U S E  O F   D E A T H,Sex,<1,1-4,5-14,15-24,25-34,35-44,,45-54,55-64,65-69,70+,N.S.,
1,2,3,4,5,6,7,8,9,,10,11,12,13,14,
1,CERTAIN INFECTIOUS AND PARASITIC,M,99,173,248,379,539,496,,637,717,561,946,161,
1,DISEASES (A00-B99),F,73,104,187,334,340,317,,365,377,319,534,126,
2,,T,172,277,435,713,879,813,,1002,1094,880,1480,287,
2,NEOPLASMS,M,15,19,25,40,71,229,,235,267,176,243,12,
2,(C00-D48),F,5,6,10,14,38,187,,162,187,156,142,19,
3,,T,20,25,35,54,109,416,,397,454,332,385,31,
3,DISEASES OF BLOOD & BLOOD FORMING,M,22,23,59,99,89,96,,95,118,68,139,5,
3,ORGANS & CERTAIN DISORDERS INVOLVING,F,9,9,32,94,99,76,,90,92,60,73,15,
4,THE IMMUNE MECHANISM (D50-D89),T,31,32,91,193,188,172,,185,210,128,212,20,
4,"ENDOCRINE, NUTRITIONAL AND METABOLIC",M,9,11,10,15,93,132,,199,251,169,215,35,
4,DISEASES (E00-E89),F,3,4,5,22,38,79,,102,210,147,122,19,
5,,T,12,15,15,37,131,211,,301,461,316,337,54,
5,MENTAL AND BEHAVIOURAL DISORDERS,M,0,0,4,0,14,5,,32,21,15,21,0,
5,(F01-F99),F,0,2,0,4,11,5,,13,21,16,11,0,
6,,T,0,2,4,4,25,10,,45,42,31,32,0,
6,DISEASES OF THE NERVOUS SYSTEM,M,30,37,24,31,114,80,,149,185,169,128,21,
6,(G00-G98),F,16,30,34,46,53,46,,78,82,84,87,22,
7,,T,46,67,58,77,167,126,,227,267,253,215,43,
7,DISEASES OF THE EYE AND ADNEXA,M,0,0,0,0,0,2,,16,6,0,6,0,
7,(H00-H59),F,0,0,0,0,1,1,,2,1,0,2,0,
8,,T,0,0,0,0,1,3,,18,7,0,8,0,
8,DISEASES OF THE EAR AND MASTOID,M,0,0,0,1,1,4,,2,1,1,3,0,
8,PROCESS (H60-H95),F,0,0,0,0,0,0,,2,2,0,0,0,
9,,T,0,0,0,1,1,4,,4,3,1,3,0,
9,DISEASES OF THE CIRCULATORY,M,104,67,140,503,607,774,,1409,1866,1366,2269,338,
9,SYSTEM (I00-I99),F,37,52,102,297,378,425,,768,974,821,1358,162,
10,,T,141,119,242,800,985,1199,,2177,2840,2187,3627,500,
10,DISEASES OF THE RESPIRATORY,M,94,90,87,151,266,514,,1005,1319,1190,1524,564,
10,SYSTEM (J00-J98),F,69,72,56,138,195,244,,543,748,678,779,294,
11,,T,163,162,143,289,461,758,,1548,2067,1868,2303,858,
11,DISEASES OF THE DIGESTIVE SYSTEM,M,15,11,35,80,194,231,,269,309,270,307,130,
11,(K00-K92),F,5,3,33,59,108,114,,143,156,135,225,86,
12,,T,20,14,68,139,302,345,,412,465,405,532,216,
12,DISEASES OF THE SKIN AND,M,0,0,3,8,18,19,,32,17,5,13,0,
12,SUBCUTANEOUS TISSUE (L00-L98),F,0,0,2,4,7,14,,26,21,8,11,0,
13,,T,0,0,5,12,25,33,,58,38,13,24,0,
13,DISEASES OF THE MUSCULOSKELETAL,M,0,0,1,2,6,19,,13,14,4,10,0,
13,SYSTEM AND CONNECTIVE TISSUE,F,0,0,1,4,0,6,,8,7,9,6,0,
14,(M00-M99),T,0,0,2,6,6,25,,21,21,13,16,0,
14,DISEASES OF THE GENITOURINARY,M,11,2,20,59,77,84,,120,520,365,734,68,
14,SYSTEM (N00-N99),F,3,2,24,27,57,60,,106,247,286,366,28,
15,,T,14,4,44,86,134,144,,226,767,651,1100,96,
15,"PREGNANCY, CHILDBIRTH AND THE",F,0,0,0,1657,957,821,,79,0,0,0,0,
16,PUERPERIUM (O00-O99),T,0,0,0,1657,957,821,,79,0,0,0,0,
16,CERTAIN CONDITIONS ORIGINATING,M,1239,0,0,0,0,0,,0,0,0,0,0,
16,IN THE PERINATAL PERIOD (P00-P96),F,826,0,0,0,0,0,,0,0,0,0,0,
17,,T,2065,0,0,0,0,0,,0,0,0,0,0,
17,"CONGENITAL MALFORMATIONS,",M,17,9,3,3,0,4,,5,5,3,6,1,
17,DEFORMATIONS AND CHROMOSOMAL,F,13,7,2,5,5,3,,5,4,2,0,0,
18,ABNORMALITIES (Q00-Q99),T,30,16,5,8,5,7,,10,9,5,6,1,
18,"SYMPTOMS, SIGNS AND ABNORMAL",M,40,54,100,174,248,360,,380,503,401,1787,31,
18,CLINICAL  AND LABORATORY FINDINGS,F,27,47,104,189,156,234,,251,357,255,278,333,
19,N.E.C. (R00-R99),T,67,101,204,363,404,594,,631,860,656,2065,364,
19,"INJURY, POISONING AND CERTAIN OTHER",M,0,0,0,21,25,27,,29,164,237,16414,8293,
19,CONSEQUENCES OF EXTERNAL,F,1,1,4,14,9,13,,14,78,120,4114,4255,
20,CAUSES (S00-T98),T,1,1,4,35,34,40,,43,242,357,20528,12548,
20,Codes for Special Purposes,M,30,58,332,1114,1523,1187,,1207,1206,1130,2464,802,
20,(U00-U49),F,17,34,245,556,765,563,,559,554,629,1044,470,
,,T,47,92,577,1670,2288,1750,,1766,1760,1759,3508,1272,
,,M,1725,554,1091,2680,3885,4263,,5834,7489,6130,27229,10461,
,A L L  C A U S E S,F,1104,373,841,3464,3217,3208,,3316,4118,3725,9152,5829,
total,,T,2829,927,1932,6144,7102,7471,,9150,11607,9855,36381,16290,
WEST BENGAL,,,,,,,,,,,,,,,
Major Group,CA U S E  O F   D E A T H,,,,,,AGE GROUPS,,,,,,,,
No.,,,,1-4,5-14,15-24,25-34    35-44  45-54,,,,55-64,,70+,N.S.    TOTAL,
1,2,,,5,6,7,8            9          10,,,,11,,13,14           15,
1,CERTAIN INFECTIOUS AND PARASITIC,M,,117,126,279,433,,626,1040,1480,,1508,0,6690
1,DISEASES (A00-B99),F,,80,120,332,326,,433,733,898,,1026,0,4721
1,,T,,197,246,611,759,,1059,1773,2378,,2534,0,11411
2,NEOPLASMS,M,,10,21,26,31,,31,144,231,,162,0,786
2,(C00-D48),F,,9,12,22,24,,62,189,137,,77,0,606
2,,T,,19,33,48,55,,93,333,368,,239,0,1392
3,DISEASES OF BLOOD & BLOOD FORMING,M,,19,31,31,32,,43,39,55,,36,0,358
3,ORGANS & CERTAIN DISORDERS INVOLVING,F,,15,21,51,27,,25,50,56,,57,0,348
3,THE IMMUNE MECHANISM (D50-D89),T,,34,52,82,59,,68,89,111,,93,0,706
4,"ENDOCRINE, NUTRITIONAL AND METABOLIC",M,,8,12,29,52,,131,281,455,,449,0,1680
4,DISEASES (E00-E89),F,,3,13,37,48,,91,212,329,,310,0,1207
4,,T,,11,25,66,100,,222,493,784,,759,0,2887
5,MENTAL AND BEHAVIOURAL DISORDERS,M,,0,0,0,6,,9,12,25,,5,0,61
5,(F01-F99),F,,0,0,0,2,,4,5,17,,3,0,31
5,,T,,0,0,0,8,,13,17,42,,8,0,92
6,DISEASES OF THE NERVOUS SYSTEM,M,,62,79,69,80,,92,154,202,,197,0,1110
6,(G00-G98),F,,41,62,59,70,,68,85,98,,113,0,692
6,,T,,103,141,128,150,,160,239,300,,310,0,1802
7,DISEASES OF THE EYE AND ADNEXA,M,,1,2,1,1,,6,2,3,,5,0,24
7,(H00-H59),F,,0,1,0,2,,1,3,2,,3,0,14
7,,T,,1,3,1,3,,7,5,5,,8,0,38
8,DISEASES OF THE EAR AND MASTOID,M,,0,2,0,1,,1,0,1,,0,0,6
8,PROCESS (H60-H95),F,,0,0,0,0,,1,0,0,,0,0,1
8,,T,,0,2,0,1,,2,0,1,,0,0,7
9,DISEASES OF THE CIRCULATORY,M,,49,71,243,490,,1592,2928,5013,,4837,0,17869
9,SYSTEM (I00-I99),F,,41,97,316,425,,1510,1991,3055,,3835,0,13044
9,,T,,90,168,559,915,,3102,4919,8068,,8672,0,30913
10,DISEASES OF THE RESPIRATORY,M,,85,65,148,270,,419,1257,2236,,4140,0,10518
10,SYSTEM (J00-J98),F,,64,59,163,196,,281,607,953,,1438,0,4535
10,,T,,149,124,311,466,,700,1864,3189,,5578,0,15053
11,DISEASES OF THE DIGESTIVE SYSTEM,M,,18,29,72,280,,537,624,481,,257,0,2514
11,(K00-K92),F,,18,22,65,93,,105,173,185,,132,0,909
11,,T,,36,51,137,373,,642,797,666,,389,0,3423
12,DISEASES OF THE SKIN AND,M,,2,1,5,9,,5,9,12,,13,0,70
12,SUBCUTANEOUS TISSUE (L00-L98),F,,2,3,5,5,,9,9,7,,12,0,55
12,,T,,4,4,10,14,,14,18,19,,25,0,125
13,DISEASES OF THE MUSCULOSKELETAL,M,,1,1,14,11,,13,16,18,,11,0,100
13,SYSTEM AND CONNECTIVE TISSUE,F,,3,2,16,13,,12,11,6,,5,0,74
13,(M00-M99),T,,4,3,30,24,,25,27,24,,16,0,174
14,DISEASES OF THE GENITOURINARY,M,,18,38,115,220,,365,685,925,,887,0,3691
14,SYSTEM (N00-N99),F,,6,34,112,167,,240,377,459,,460,0,2112
14,,T,,24,72,227,387,,605,1062,1384,,1347,0,5803
15,"PREGNANCY, CHILDBIRTH AND THE",F,,0,0,94,386,,386,208,0,,0,0,1074
15,PUERPERIUM (O00-O99),T,,0,0,94,386,,386,208,0,,0,0,1074
16,CERTAIN CONDITIONS ORIGINATING,M,,0,0,0,0,,0,0,0,,0,0,2741
16,IN THE PERINATAL PERIOD (P00-P96),F,,0,0,0,0,,0,0,0,,0,0,3642
16,,T,,0,0,0,0,,0,0,0,,0,0,6383
17,"CONGENITAL MALFORMATIONS,",M,,0,0,0,0,,0,0,0,,0,0,583
17,DEFORMATIONS AND CHROMOSOMAL,F,,0,0,0,0,,0,0,0,,0,0,322
17,ABNORMALITIES (Q00-Q99),T,,0,0,0,0,,0,0,0,,0,0,905
18,"SYMPTOMS, SIGNS AND ABNORMAL",M,,73,140,637,791,,779,984,1149,,912,0,6144
18,CLINICAL  AND LABORATORY FINDINGS,F,,51,100,494,442,,380,488,529,,525,0,3424
18,N.E.C. (R00-R99),T,,124,240,1131,1233,,1159,1472,1678,,1437,0,9568
19,"INJURY, POISONING AND CERTAIN OTHER",M,,11,52,318,408,,333,393,350,,226,0,2218
19,CONSEQUENCES OF EXTERNAL,F,,11,56,426,363,,230,205,199,,196,0,1781
19,CAUSES (S00-T98),T,,22,108,744,771,,563,598,549,,422,0,3999
20,CODES FOR SPECIAL PURPOSES,M,,1,2,32,63,,128,330,708,,1248,0,2935
20,(U00-U49),F,,1,4,19,41,,61,186,288,,475,0,1241
20,,T,,2,6,51,104,,189,516,996,,1723,0,4176
,,M,,475,672,2019,3178,,5110,8898,13344,,14893,0,60098
,A L L   C A U S E S,F,,345,606,2211,2630,,3899,5532,7218,,8667,0,39833
total,,T,,820,1278,4230,5808,,9009,14430,20562,,23560,0,99931
